Timestamp,heartbeat_interval,step_down_missed_heartbeats,election_interval_spread,Uptime,MTBF,MTTR,Average Election Time,Election Count,Raft Message Failures,Average Raft Message Latency,Raft Message Throughput
07-01-2024_02:23:12,0.1,5,3,6.738612413406372,0,0,0,0,0,0,0
Timestamp,heartbeat_interval,step_down_missed_heartbeats,election_interval_spread,Uptime,MTBF,MTTR,Average Election Time,Election Count,Raft Message Failures,Average Raft Message Latency,Raft Message Throughput
07-01-2024_02:23:12,0.1,5,3,6.739825248718262,0,0,0,0,0,0,0
Timestamp,heartbeat_interval,step_down_missed_heartbeats,election_interval_spread,Uptime,MTBF,MTTR,Average Election Time,Election Count,Raft Message Failures,Average Raft Message Latency,Raft Message Throughput
07-01-2024_02:23:12,0.1,5,3,6.75582218170166,0,0,0,0,0,0,0
Timestamp,heartbeat_interval,step_down_missed_heartbeats,election_interval_spread,Uptime,MTBF,MTTR,Average Election Time,Election Count,Raft Message Failures,Average Raft Message Latency,Raft Message Throughput
07-01-2024_02:23:12,0.1,5,3,6.758148431777954,0,0,0,0,0,0,0
Timestamp,heartbeat_interval,step_down_missed_heartbeats,election_interval_spread,Uptime,MTBF,MTTR,Average Election Time,Election Count,Raft Message Failures,Average Raft Message Latency,Raft Message Throughput
07-01-2024_02:23:12,0.1,5,3,6.772278547286987,0,0,0,0,0,0,0
07-01-2024_02:23:13,0.1,5,3,7.744238615036011,0,0,0,0,0,0.0022648758358425566,40
07-01-2024_02:23:13,0.1,5,3,7.745255947113037,0,0,0,0,0,2.437167697482639e-05,9
07-01-2024_02:23:13,0.1,5,3,7.761817216873169,0,0,0,0,0,1.5800649469549004e-05,15
07-01-2024_02:23:13,0.1,5,3,7.763126850128174,0,0,0,0,0,3.337860107421875e-05,9
07-01-2024_02:23:13,0.1,5,3,7.777089595794678,0,0,0,0,0,2.5722715589735242e-05,9
07-01-2024_02:23:14,0.1,5,3,8.753215551376343,0,0,0,0,0,0.0004667520523071289,40
07-01-2024_02:23:14,0.1,5,3,8.754075527191162,0,0,0,0,0,1.7118453979492187e-05,10
07-01-2024_02:23:14,0.1,5,3,8.769409656524658,0,0,0,0,0,1.7309188842773436e-05,10
07-01-2024_02:23:14,0.1,5,3,8.773273229598999,0,0,0,0,0,1.7333030700683594e-05,10
07-01-2024_02:23:14,0.1,5,3,8.781150579452515,0,0,0,0,0,1.7595291137695312e-05,10
07-01-2024_02:23:15,0.1,5,3,9.760353088378906,0,0,0,0,0,0.0006162309646606445,40
07-01-2024_02:23:15,0.1,5,3,9.76052188873291,0,0,0,0,0,1.6474723815917967e-05,10
07-01-2024_02:23:15,0.1,5,3,9.776411771774292,0,0,0,0,0,1.5282630920410155e-05,10
07-01-2024_02:23:15,0.1,5,3,9.780706644058228,0,0,0,0,0,2.0956993103027345e-05,10
07-01-2024_02:23:15,0.1,5,3,9.788147687911987,0,0,0,0,0,2.1028518676757813e-05,10
07-01-2024_02:23:16,0.1,5,3,10.767896890640259,0,0,0,0,0,0.0007313871383666992,40
07-01-2024_02:23:16,0.1,5,3,10.768430948257446,0,0,0,0,0,2.5081634521484376e-05,10
07-01-2024_02:23:16,0.1,5,3,10.785848617553711,0,0,0,0,0,2.2149085998535158e-05,10
07-01-2024_02:23:16,0.1,5,3,10.787098169326782,0,0,0,0,0,1.926422119140625e-05,10
07-01-2024_02:23:16,0.1,5,3,10.802172660827637,0,0,0,0,0,2.148151397705078e-05,10
07-01-2024_02:23:17,0.1,5,3,11.77565050125122,0,0,0,0,0,1.6808509826660156e-05,10
07-01-2024_02:23:17,0.1,5,3,11.77598261833191,0,0,0,0,0,0.0006246709823608398,40
07-01-2024_02:23:17,0.1,5,3,11.789989709854126,0,0,0,0,0,2.09808349609375e-05,10
07-01-2024_02:23:17,0.1,5,3,11.79097294807434,0,0,0,0,0,1.9478797912597657e-05,10
07-01-2024_02:23:17,0.1,5,3,11.813942670822144,0,0,0,0,0,1.8334388732910158e-05,10
07-01-2024_02:23:18,0.1,5,3,12.779802560806274,0,0,0,0,0,2.9468536376953124e-05,10
07-01-2024_02:23:18,0.1,5,3,12.779751777648926,0,0,0,0,0,0.0007281637191772461,40
07-01-2024_02:23:18,0.1,5,3,12.79363465309143,0,0,0,0,0,2.7441978454589842e-05,10
07-01-2024_02:23:18,0.1,5,3,12.793808937072754,0,0,0,0,0,2.6941299438476562e-05,10
07-01-2024_02:23:18,0.1,5,3,12.823095560073853,0,0,0,0,0,2.1505355834960938e-05,10
07-01-2024_02:23:19,0.1,5,3,13.787437200546265,0,0,0,0,0,2.627902560763889e-05,9
07-01-2024_02:23:19,0.1,5,3,13.788086891174316,0,0,0,0,0,0.000701798333062066,36
07-01-2024_02:23:19,0.1,5,3,13.799153327941895,0,0,0,0,0,2.6345252990722656e-05,10
07-01-2024_02:23:19,0.1,5,3,13.799405097961426,0,0,0,0,0,3.557205200195312e-05,10
07-01-2024_02:23:19,0.1,5,3,13.833375930786133,0,0,0,0,0,2.231597900390625e-05,10
07-01-2024_02:23:20,0.1,5,3,14.792123794555664,0,0,0,0,0,1.9478797912597657e-05,10
07-01-2024_02:23:20,0.1,5,3,14.792457818984985,0,0,0,0,0,0.00044631004333496095,40
07-01-2024_02:23:20,0.1,5,3,14.8033127784729,0,0,0,0,0,1.537799835205078e-05,10
07-01-2024_02:23:20,0.1,5,3,14.803714036941528,0,0,0,0,0,1.5282630920410155e-05,10
07-01-2024_02:23:20,0.1,5,3,14.838718891143799,0,0,0,0,0,1.6427040100097658e-05,10
07-01-2024_02:23:21,0.1,5,3,15.795988082885742,0,0,0,0,0,1.8191337585449218e-05,10
07-01-2024_02:23:21,0.1,5,3,15.795988321304321,0,0,0,0,0,0.0004314279556274414,40
07-01-2024_02:23:21,0.1,5,3,15.806705951690674,0,0,0,0,0,1.575946807861328e-05,10
07-01-2024_02:23:21,0.1,5,3,15.806720495223999,0,0,0,0,0,1.6903877258300783e-05,10
07-01-2024_02:23:21,0.1,5,3,15.843209266662598,0,0,0,0,0,1.5211105346679687e-05,10
07-01-2024_02:23:22,0.1,5,3,16.801761627197266,0,0,0,0,0,2.3579597473144533e-05,10
07-01-2024_02:23:22,0.1,5,3,16.801859378814697,0,0,0,0,0,0.0005468225479125976,40
07-01-2024_02:23:22,0.1,5,3,16.811122179031372,0,0,0,0,0,2.193450927734375e-05,9
07-01-2024_02:23:22,0.1,5,3,16.811381816864014,0,0,0,0,0,2.0053651597764758e-05,9
07-01-2024_02:23:22,0.1,5,3,16.849396228790283,0,0,0,0,0,1.888275146484375e-05,10
07-01-2024_02:23:23,0.1,5,3,17.80739712715149,0,0,0,0,0,0.0005356740951538086,40
07-01-2024_02:23:23,0.1,5,3,17.80739712715149,0,0,0,0,0,2.2101402282714844e-05,10
07-01-2024_02:23:23,0.1,5,3,17.81550693511963,0,0,0,0,0,4.8995018005371094e-05,10
07-01-2024_02:23:23,0.1,5,3,17.815568208694458,0,0,0,0,0,2.2530555725097656e-05,10
07-01-2024_02:23:23,0.1,5,3,17.855213403701782,0,0,0,0,0,2.9325485229492188e-05,10
07-01-2024_02:23:24,0.1,5,3,18.81389617919922,0,0,0,0,0,0.0003124094009399414,40
07-01-2024_02:23:24,0.1,5,3,18.814069747924805,0,0,0,0,0,1.2898445129394532e-05,10
07-01-2024_02:23:24,0.1,5,3,18.82118535041809,0,0,0,0,0,1.5807151794433593e-05,10
07-01-2024_02:23:24,0.1,5,3,18.821187257766724,0,0,0,0,0,1.125335693359375e-05,10
07-01-2024_02:23:24,0.1,5,3,18.859604835510254,0,0,0,0,0,2.0432472229003907e-05,10
07-01-2024_02:23:25,0.1,5,3,19.81803274154663,0,0,0,0,0,1.2326240539550782e-05,10
07-01-2024_02:23:25,0.1,5,3,19.818058252334595,0,0,0,0,0,0.000368342399597168,40
07-01-2024_02:23:25,0.1,5,3,19.82558298110962,0,0,0,0,0,1.1229515075683594e-05,10
07-01-2024_02:23:25,0.1,5,3,19.82562780380249,0,0,0,0,0,2.4843215942382813e-05,10
07-01-2024_02:23:25,0.1,5,3,19.86590003967285,0,0,0,0,0,1.850128173828125e-05,10
07-01-2024_02:23:26,0.1,5,3,20.822782278060913,0,0,0,0,0,0.0005461454391479492,40
07-01-2024_02:23:26,0.1,5,3,20.823004722595215,0,0,0,0,0,2.4127960205078126e-05,10
07-01-2024_02:23:26,0.1,5,3,20.83023715019226,0,0,0,0,0,1.9359588623046876e-05,10
07-01-2024_02:23:26,0.1,5,3,20.830284118652344,0,0,0,0,0,1.888275146484375e-05,10
07-01-2024_02:23:26,0.1,5,3,20.871912002563477,0,0,0,0,0,3.0612945556640626e-05,10
07-01-2024_02:23:27,0.1,5,3,21.826977252960205,0,0,0,0,0,0.0005426549911499023,40
07-01-2024_02:23:27,0.1,5,3,21.827325582504272,0,0,0,0,0,3.4737586975097654e-05,10
07-01-2024_02:23:27,0.1,5,3,21.83533525466919,0,0,0,0,0,1.895427703857422e-05,10
07-01-2024_02:23:27,0.1,5,3,21.83555841445923,0,0,0,0,0,1.749992370605469e-05,10
07-01-2024_02:23:27,0.1,5,3,21.878208875656128,0,0,0,0,0,1.7118453979492187e-05,10
07-01-2024_02:23:28,0.1,5,3,22.833512544631958,0,0,0,0,0,2.613067626953125e-05,10
07-01-2024_02:23:28,0.1,5,3,22.833539962768555,0,0,0,0,0,0.0005241489410400391,40
07-01-2024_02:23:28,0.1,5,3,22.840730667114258,0,0,0,0,0,3.247261047363281e-05,10
07-01-2024_02:23:28,0.1,5,3,22.842299461364746,0,0,0,0,0,1.8596649169921875e-05,10
07-01-2024_02:23:28,0.1,5,3,22.886000633239746,0,0,0,0,0,1.735687255859375e-05,10
07-01-2024_02:23:29,0.1,5,3,23.853490829467773,0,0,0,0,0,3.437995910644531e-05,10
07-01-2024_02:23:29,0.1,5,3,23.853191137313843,0,0,0,0,0,3.383159637451172e-05,10
07-01-2024_02:23:29,0.1,5,3,23.85620903968811,0,0,0,0,0,2.448558807373047e-05,10
07-01-2024_02:23:29,0.1,5,3,23.85712695121765,0,0,0,0,0,0.0014574289321899413,40
07-01-2024_02:23:30,0.1,5,3,23.904040336608887,0,0,0,0,0,2.151065402560764e-05,9
07-01-2024_02:23:30,0.1,5,3,24.874910593032837,0,0,0,0,0,2.2482872009277343e-05,10
07-01-2024_02:23:30,0.1,5,3,24.879375219345093,0,0,0,0,0,2.5010108947753908e-05,10
07-01-2024_02:23:30,0.1,5,3,24.898048400878906,0,0,0,0,0,2.8681755065917968e-05,10
07-01-2024_02:23:31,0.1,5,3,24.91034507751465,0,0,0,0,0,0.0019879722595214843,40
07-01-2024_02:23:31,0.1,5,3,24.926337003707886,0,0,0,0,0,2.0766258239746092e-05,10
07-01-2024_02:23:31,0.1,5,3,25.88657808303833,0,0,0,0,0,3.6644935607910154e-05,10
07-01-2024_02:23:32,0.1,5,3,25.920310974121094,0,0,0,0,0,2.460479736328125e-05,10
07-01-2024_02:23:32,0.1,5,3,25.92106032371521,0,0,0,0,0,2.5057792663574217e-05,10
07-01-2024_02:23:32,0.1,5,3,25.92863917350769,0,0,0,0,0,0.0015797615051269531,40
07-01-2024_02:23:32,0.1,5,3,25.95480489730835,0,0,0,0,0,2.7441978454589842e-05,10
07-01-2024_02:23:32,0.1,5,3,26.898072957992554,0,0,0,0,0,1.86920166015625e-05,10
07-01-2024_02:23:33,0.1,5,3,26.928158044815063,0,0,0,0,0,5.924701690673828e-05,10
07-01-2024_02:23:33,0.1,5,3,26.929205417633057,0,0,0,0,0,2.2459030151367188e-05,10
07-01-2024_02:23:33,0.1,5,3,26.945350885391235,0,0,0,0,0,0.0009885787963867187,40
07-01-2024_02:23:33,0.1,5,3,26.977131843566895,0,0,0,0,0,2.0569021051580254e-05,11
07-01-2024_02:23:34,0.1,5,3,27.910731315612793,0,0,0,0,0,2.2935867309570313e-05,10
07-01-2024_02:23:34,0.1,5,3,27.93746328353882,0,0,0,0,0,2.8777122497558594e-05,10
07-01-2024_02:23:34,0.1,5,3,27.940773725509644,0,0,0,0,0,4.0864944458007814e-05,10
07-01-2024_02:23:34,0.1,5,3,27.970165729522705,0,0,0,0,0,0.0007140493392944336,40
07-01-2024_02:23:34,0.1,5,3,28.00321888923645,0,0,0,0,0,2.2625923156738283e-05,10
07-01-2024_02:23:35,0.1,5,3,28.921644926071167,0,0,0,0,0,1.8382072448730467e-05,10
07-01-2024_02:23:35,0.1,5,3,28.947720527648926,0,0,0,0,0,2.372264862060547e-05,10
07-01-2024_02:23:35,0.1,5,3,28.9493350982666,0,0,0,0,0,2.1839141845703124e-05,10
07-01-2024_02:23:35,0.1,5,3,28.986157417297363,0,0,0,0,0,0.0005578899383544922,40
07-01-2024_02:23:35,0.1,5,3,29.020540475845337,0,0,0,0,0,8.399486541748047e-05,10
07-01-2024_02:23:36,0.1,5,3,29.934688091278076,0,0,0,0,0,3.3354759216308595e-05,10
07-01-2024_02:23:36,0.1,5,3,29.960857391357422,0,0,0,0,0,2.6702880859375e-05,10
07-01-2024_02:23:36,0.1,5,3,29.961824893951416,0,0,0,0,0,0.00015518665313720703,10
07-01-2024_02:23:36,0.1,5,3,29.99859046936035,0,0,0,0,0,0.0007808732986450195,40
07-01-2024_02:23:36,0.1,5,3,30.037088632583618,0,0,0,0,0,1.8215179443359376e-05,10
07-01-2024_02:23:37,0.1,5,3,30.947783946990967,0,0,0,0,0,1.8072128295898437e-05,10
07-01-2024_02:23:37,0.1,5,3,30.97458004951477,0,0,0,0,0,0.00011930465698242187,10
07-01-2024_02:23:37,0.1,5,3,30.974546194076538,0,0,0,0,0,2.3102760314941408e-05,10
07-01-2024_02:23:37,0.1,5,3,31.011057138442993,0,0,0,0,0,0.0008431911468505859,40
07-01-2024_02:23:37,0.1,5,3,31.059056043624878,0,0,0,0,0,2.4056434631347658e-05,10
07-01-2024_02:23:38,0.1,5,3,31.959548950195312,0,0,0,0,0,3.0446052551269532e-05,10
07-01-2024_02:23:38,0.1,5,3,31.98624587059021,0,0,0,0,0,3.0040740966796875e-05,10
07-01-2024_02:23:38,0.1,5,3,31.986514806747437,0,0,0,0,0,2.8681755065917968e-05,10
07-01-2024_02:23:38,0.1,5,3,32.02525353431702,0,0,0,0,0,0.0010262489318847655,40
07-01-2024_02:23:38,0.1,5,3,32.086333990097046,0,0,0,0,0,3.1876564025878904e-05,10
07-01-2024_02:23:39,0.1,5,3,32.9898738861084,0,0,0,0,0,1.983642578125e-05,10
07-01-2024_02:23:39,0.1,5,3,33.00550150871277,0,0,0,0,0,3.635883331298828e-05,10
07-01-2024_02:23:39,0.1,5,3,33.005521059036255,0,0,0,0,0,3.793239593505859e-05,10
07-01-2024_02:23:39,0.1,5,3,33.04637861251831,0,0,0,0,0,0.0009404182434082031,40
07-01-2024_02:23:39,0.1,5,3,33.11480474472046,0,0,0,0,0,2.1648406982421874e-05,10
07-01-2024_02:23:40,0.1,5,3,34.01690149307251,0,0,0,0,0,2.765655517578125e-05,10
07-01-2024_02:23:40,0.1,5,3,34.02645826339722,0,0,0,0,0,3.0088424682617188e-05,10
07-01-2024_02:23:40,0.1,5,3,34.02450346946716,0,0,0,0,0,3.8695335388183596e-05,10
07-01-2024_02:23:40,0.1,5,3,34.05804634094238,0,0,0,0,0,0.0011488151550292968,40
07-01-2024_02:23:40,0.1,5,3,34.13335609436035,0,0,0,0,0,3.101825714111328e-05,10
07-01-2024_02:23:41,0.1,5,3,35.03883123397827,0,0,0,0,0,2.255439758300781e-05,10
07-01-2024_02:23:41,0.1,5,3,35.04791045188904,0,0,0,0,0,2.2649765014648438e-05,10
07-01-2024_02:23:41,0.1,5,3,35.05010485649109,0,0,0,0,0,0.00010113716125488281,10
07-01-2024_02:23:41,0.1,5,3,35.07764148712158,0,0,0,0,0,0.001508002281188965,40
07-01-2024_02:23:41,0.1,5,3,35.14668130874634,0,0,0,0,0,3.333091735839844e-05,10
07-01-2024_02:23:42,0.1,5,3,36.05623126029968,0,0,0,0,0,2.7561187744140624e-05,10
07-01-2024_02:23:42,0.1,5,3,36.06007170677185,0,0,0,0,0,2.6750564575195313e-05,10
07-01-2024_02:23:42,0.1,5,3,36.0744411945343,0,0,0,0,0,3.4332275390625e-05,10
07-01-2024_02:23:42,0.1,5,3,36.10670828819275,0,0,0,0,0,0.0014516925811767578,40
07-01-2024_02:23:42,0.1,5,3,36.16132879257202,0,0,0,0,0,2.9850006103515626e-05,10
07-01-2024_02:23:43,0.1,5,3,37.20170831680298,0,0,0,0,0,2.4133258395724828e-05,9
07-01-2024_02:23:43,0.1,5,3,37.201873779296875,0,0,0,0,0,2.3338529798719617e-05,9
07-01-2024_02:23:43,0.1,5,3,37.204116344451904,0,0,0,0,0,0.0021369266510009766,40
07-01-2024_02:23:43,0.1,5,3,37.21050572395325,0,0,0,0,0,2.2914674546983508e-05,9
07-01-2024_02:23:43,0.1,5,3,37.22280287742615,0,0,0,0,0,2.9351976182725695e-05,9
07-01-2024_02:23:44,0.1,5,3,38.29424810409546,0,0,0,0,0,0.00033549828962846237,11
07-01-2024_02:23:44,0.1,5,3,38.30475473403931,0,0,0,0,0,0.00027725913307883525,11
07-01-2024_02:23:44,0.1,5,3,38.30682015419006,0,0,0,0,0,2.8155066750266336e-05,11
07-01-2024_02:23:44,0.1,5,3,38.31181883811951,0,0,0,0,0,0.0014359855651855469,40
07-01-2024_02:23:45,0.1,5,3,39.32495594024658,0,0,0,0,0,2.2816658020019532e-05,10
07-01-2024_02:23:45,0.1,5,3,39.35858106613159,0,0,0,0,0,6.985664367675781e-05,10
07-01-2024_02:23:45,0.1,5,3,39.42412185668945,0,0,0,0,0,0.0015509748458862305,40
07-01-2024_02:23:45,0.1,5,3,39.4279682636261,0,0,0,0,0,5.526542663574219e-05,10
07-01-2024_02:23:46,0.1,5,3,40.33514428138733,0,0,0,0,0,3.382894727918837e-05,9
07-01-2024_02:23:46,0.1,5,3,40.39183449745178,0,0,0,0,0,2.968311309814453e-05,10
07-01-2024_02:23:46,0.1,5,3,40.438963651657104,0,0,0,0,0,0.001132822036743164,40
07-01-2024_02:23:46,0.1,5,3,40.45702528953552,0,0,0,0,0,3.130435943603516e-05,10
07-01-2024_02:23:47,0.1,5,3,41.354344606399536,0,0,0,0,0,1.7881393432617188e-05,10
07-01-2024_02:23:47,0.1,5,3,41.414807081222534,0,0,0,0,0,2.148151397705078e-05,10
07-01-2024_02:23:47,0.1,5,3,41.47873282432556,0,0,0,0,0,0.0007385873794555664,40
07-01-2024_02:23:47,0.1,5,3,41.488462924957275,0,0,0,0,0,2.3651123046875e-05,10
07-01-2024_02:23:48,0.1,5,3,42.37868857383728,0,0,0,0,0,3.657341003417969e-05,10
07-01-2024_02:23:48,0.1,5,3,42.42550349235535,0,0,0,0,0,2.7179718017578125e-05,10
07-01-2024_02:23:48,0.1,5,3,42.49557852745056,0,0,0,0,0,0.0010336208343505859,40
07-01-2024_02:23:48,0.1,5,3,42.50855755805969,0,0,0,0,0,2.6464462280273438e-05,11
07-01-2024_02:23:49,0.1,5,3,43.38968300819397,0,0,0,0,0,1.926422119140625e-05,10
07-01-2024_02:23:49,0.1,5,3,43.43278169631958,0,0,0,0,0,2.0551681518554688e-05,10
07-01-2024_02:23:49,0.1,5,3,43.50730562210083,0,0,0,0,0,0.0018185043334960937,40
07-01-2024_02:23:49,0.1,5,3,43.51925992965698,0,0,0,0,0,6.731351216634114e-05,9
07-01-2024_02:23:50,0.1,5,3,44.404560804367065,0,0,0,0,0,2.7179718017578125e-05,10
07-01-2024_02:23:50,0.1,5,3,44.457926988601685,0,0,0,0,0,3.3961402045355906e-05,9
07-01-2024_02:23:50,0.1,5,3,44.530569553375244,0,0,0,0,0,0.0028437137603759765,40
07-01-2024_02:23:50,0.1,5,3,44.535364866256714,0,0,0,0,0,2.55584716796875e-05,10
07-01-2024_02:23:51,0.1,5,3,45.4225549697876,0,0,0,0,0,2.3651123046875e-05,10
07-01-2024_02:23:51,0.1,5,3,45.4733099937439,0,0,0,0,0,2.17437744140625e-05,10
07-01-2024_02:23:51,0.1,5,3,45.53857922554016,0,0,0,0,0,0.0017820978164672851,40
07-01-2024_02:23:51,0.1,5,3,45.553847312927246,0,0,0,0,0,2.4628639221191406e-05,10
07-01-2024_02:23:52,0.1,5,3,46.434062480926514,0,0,0,0,0,2.307891845703125e-05,10
07-01-2024_02:23:52,0.1,5,3,46.50295948982239,0,0,0,0,0,2.0694732666015624e-05,10
07-01-2024_02:23:52,0.1,5,3,46.571287393569946,0,0,0,0,0,0.0013713788986206054,40
07-01-2024_02:23:52,0.1,5,3,46.5774245262146,0,0,0,0,0,2.0503997802734375e-05,10
07-01-2024_02:23:53,0.1,5,3,47.45212006568909,0,0,0,0,0,6.884998745388455e-05,9
07-01-2024_02:23:53,0.1,5,3,47.52776002883911,0,0,0,0,0,3.364086151123047e-05,10
07-01-2024_02:23:53,0.1,5,3,47.595441818237305,0,0,0,0,0,0.001697072982788086,40
07-01-2024_02:23:53,0.1,5,3,47.60941982269287,0,0,0,0,0,9.996891021728516e-05,10
07-01-2024_02:23:54,0.1,5,3,48.472145557403564,0,0,0,0,0,2.1958351135253905e-05,10
07-01-2024_02:23:54,0.1,5,3,48.551745891571045,0,0,0,0,0,2.3770332336425782e-05,10
07-01-2024_02:23:54,0.1,5,3,48.60909605026245,0,0,0,0,0,0.0011699628829956055,40
07-01-2024_02:23:54,0.1,5,3,48.625027894973755,0,0,0,0,0,1.9478797912597657e-05,10
07-01-2024_02:23:55,0.1,5,3,49.48510146141052,0,0,0,0,0,3.204345703125e-05,10
07-01-2024_02:23:55,0.1,5,3,49.57175540924072,0,0,0,0,0,2.2149085998535158e-05,10
07-01-2024_02:23:55,0.1,5,3,49.625885009765625,0,0,0,0,0,0.0010041427612304688,40
07-01-2024_02:23:55,0.1,5,3,49.65382385253906,0,0,0,0,0,2.1505355834960938e-05,10
07-01-2024_02:23:56,0.1,5,3,50.50161695480347,0,0,0,0,0,2.9587745666503905e-05,10
07-01-2024_02:23:56,0.1,5,3,50.589162826538086,0,0,0,0,0,2.624988555908203e-05,10
07-01-2024_02:23:56,0.1,5,3,50.638519525527954,0,0,0,0,0,0.001758702596028646,36
07-01-2024_02:23:56,0.1,5,3,50.663525342941284,0,0,0,0,0,2.5677680969238282e-05,10
07-01-2024_02:23:57,0.1,5,3,51.510748863220215,0,0,0,0,0,0.00014410018920898437,10
07-01-2024_02:23:57,0.1,5,3,51.60435724258423,0,0,0,0,0,2.906322479248047e-05,10
07-01-2024_02:23:57,0.1,5,3,51.64893198013306,0,0,0,0,0,0.0037068557739257813,40
07-01-2024_02:23:57,0.1,5,3,51.68191051483154,0,0,0,0,0,3.684891594780816e-05,9
07-01-2024_02:23:58,0.1,5,3,52.526835680007935,0,0,0,0,0,3.552436828613281e-05,10
07-01-2024_02:23:58,0.1,5,3,52.614816665649414,0,0,0,0,0,2.521938747829861e-05,9
07-01-2024_02:23:58,0.1,5,3,52.653971910476685,0,0,0,0,0,0.001270284652709961,40
07-01-2024_02:23:58,0.1,5,3,52.687517166137695,0,0,0,0,0,2.5844573974609376e-05,10
07-01-2024_02:23:59,0.1,5,3,53.5750789642334,0,0,0,0,0,2.2363662719726562e-05,10
07-01-2024_02:23:59,0.1,5,3,53.64082932472229,0,0,0,0,0,2.1505355834960938e-05,10
07-01-2024_02:23:59,0.1,5,3,53.68542957305908,0,0,0,0,0,0.0013508319854736329,40
07-01-2024_02:23:59,0.1,5,3,53.70136046409607,0,0,0,0,0,3.330707550048828e-05,10
07-01-2024_02:24:00,0.1,5,3,54.59894156455994,0,0,0,0,0,4.4965744018554686e-05,10
07-01-2024_02:24:00,0.1,5,3,54.67352604866028,0,0,0,0,0,6.374445828524503e-05,11
07-01-2024_02:24:00,0.1,5,3,54.70291805267334,0,0,0,0,0,0.0013584661483764648,40
07-01-2024_02:24:00,0.1,5,3,54.7132887840271,0,0,0,0,0,2.448558807373047e-05,10
07-01-2024_02:24:01,0.1,5,3,55.61669564247131,0,0,0,0,0,2.510547637939453e-05,10
07-01-2024_02:24:01,0.1,5,3,55.69442296028137,0,0,0,0,0,2.8181076049804688e-05,10
07-01-2024_02:24:01,0.1,5,3,55.71388244628906,0,0,0,0,0,0.0011191892623901368,40
07-01-2024_02:24:01,0.1,5,3,55.73586678504944,0,0,0,0,0,2.3770332336425782e-05,10
07-01-2024_02:24:02,0.1,5,3,56.62775373458862,0,0,0,0,0,2.3055076599121094e-05,10
07-01-2024_02:24:02,0.1,5,3,56.70907735824585,0,0,0,0,0,3.299713134765625e-05,10
07-01-2024_02:24:02,0.1,5,3,56.74382734298706,0,0,0,0,0,2.205371856689453e-05,10
07-01-2024_02:24:02,0.1,5,3,56.74380922317505,0,0,0,0,0,0.0006930160522460937,40
07-01-2024_02:24:03,0.1,5,3,57.6384654045105,0,0,0,0,0,2.651214599609375e-05,10
07-01-2024_02:24:03,0.1,5,3,57.71948480606079,0,0,0,0,0,2.815723419189453e-05,10
07-01-2024_02:24:03,0.1,5,3,57.76904773712158,0,0,0,0,0,3.764629364013672e-05,10
07-01-2024_02:24:03,0.1,5,3,57.76853609085083,0,0,0,0,0,0.0005798959732055665,40
07-01-2024_02:24:04,0.1,5,3,58.641775608062744,0,0,0,0,0,1.56402587890625e-05,10
07-01-2024_02:24:04,0.1,5,3,58.76037311553955,0,0,0,0,0,1.7952919006347656e-05,10
07-01-2024_02:24:04,0.1,5,3,58.774609327316284,0,0,0,0,0,2.0742416381835938e-05,10
07-01-2024_02:24:04,0.1,5,3,58.785778284072876,0,0,0,0,0,0.00034214496612548827,40
07-01-2024_02:24:05,0.1,5,3,59.646016359329224,0,0,0,0,0,1.5211105346679687e-05,10
07-01-2024_02:24:05,0.1,5,3,59.76620960235596,0,0,0,0,0,1.7452239990234376e-05,10
07-01-2024_02:24:05,0.1,5,3,59.78368043899536,0,0,0,0,0,2.1123886108398436e-05,10
07-01-2024_02:24:05,0.1,5,3,59.79200577735901,0,0,0,0,0,0.0004509782791137695,40
07-01-2024_02:24:06,0.1,5,3,60.65434002876282,0,0,0,0,0,2.8562545776367187e-05,10
07-01-2024_02:24:06,0.1,5,3,60.7727632522583,0,0,0,0,0,2.3365020751953125e-05,10
07-01-2024_02:24:06,0.1,5,3,60.7893750667572,0,0,0,0,0,3.4189224243164064e-05,10
07-01-2024_02:24:06,0.1,5,3,60.800920486450195,0,0,0,0,0,0.000601496696472168,40
07-01-2024_02:24:07,0.1,5,3,61.657942056655884,0,0,0,0,0,2.0003318786621095e-05,10
07-01-2024_02:24:07,0.1,5,3,61.77769494056702,0,0,0,0,0,1.7905235290527342e-05,10
07-01-2024_02:24:07,0.1,5,3,61.794442892074585,0,0,0,0,0,1.773834228515625e-05,10
07-01-2024_02:24:07,0.1,5,3,61.80661129951477,0,0,0,0,0,0.00046464443206787107,40
07-01-2024_02:24:08,0.1,5,3,62.661054372787476,0,0,0,0,0,1.990795135498047e-05,10
07-01-2024_02:24:08,0.1,5,3,62.784639835357666,0,0,0,0,0,2.8586387634277345e-05,10
07-01-2024_02:24:08,0.1,5,3,62.79912734031677,0,0,0,0,0,2.2792816162109374e-05,10
07-01-2024_02:24:08,0.1,5,3,62.810137033462524,0,0,0,0,0,0.0005150461196899415,40
07-01-2024_02:24:09,0.1,5,3,63.66870188713074,0,0,0,0,0,2.131462097167969e-05,10
07-01-2024_02:24:09,0.1,5,3,63.788187742233276,0,0,0,0,0,1.5664100646972657e-05,10
07-01-2024_02:24:09,0.1,5,3,63.80366516113281,0,0,0,0,0,2.689361572265625e-05,10
07-01-2024_02:24:09,0.1,5,3,63.81564950942993,0,0,0,0,0,0.0003180217742919922,40
07-01-2024_02:24:10,0.1,5,3,64.67506623268127,0,0,0,0,0,3.3473968505859376e-05,10
07-01-2024_02:24:10,0.1,5,3,64.79190516471863,0,0,0,0,0,3.6144256591796874e-05,10
07-01-2024_02:24:10,0.1,5,3,64.80721116065979,0,0,0,0,0,2.872943878173828e-05,10
07-01-2024_02:24:10,0.1,5,3,64.82115840911865,0,0,0,0,0,0.0006314849853515625,40
07-01-2024_02:24:11,0.1,5,3,65.68081307411194,0,0,0,0,0,1.3685226440429687e-05,10
07-01-2024_02:24:11,0.1,5,3,65.79754114151001,0,0,0,0,0,1.373291015625e-05,10
07-01-2024_02:24:11,0.1,5,3,65.81060600280762,0,0,0,0,0,1.56402587890625e-05,10
07-01-2024_02:24:11,0.1,5,3,65.82440900802612,0,0,0,0,0,0.0002996063232421875,40
07-01-2024_02:24:12,0.1,5,3,66.68890309333801,0,0,0,0,0,2.052783966064453e-05,10
07-01-2024_02:24:12,0.1,5,3,66.80541014671326,0,0,0,0,0,2.1076202392578126e-05,10
07-01-2024_02:24:12,0.1,5,3,66.81854104995728,0,0,0,0,0,2.1266937255859376e-05,10
07-01-2024_02:24:12,0.1,5,3,66.82928800582886,0,0,0,0,0,0.0005402088165283204,40
07-01-2024_02:24:13,0.1,5,3,67.69365668296814,0,0,0,0,0,1.7333030700683594e-05,10
07-01-2024_02:24:13,0.1,5,3,67.81113290786743,0,0,0,0,0,1.4209747314453125e-05,10
07-01-2024_02:24:13,0.1,5,3,67.82471704483032,0,0,0,0,0,1.7547607421875e-05,10
07-01-2024_02:24:13,0.1,5,3,67.83732175827026,0,0,0,0,0,0.0003690242767333984,40
07-01-2024_02:24:14,0.1,5,3,68.70082306861877,0,0,0,0,0,1.7189979553222655e-05,10
07-01-2024_02:24:14,0.1,5,3,68.82013058662415,0,0,0,0,0,1.6999244689941406e-05,10
07-01-2024_02:24:14,0.1,5,3,68.83217763900757,0,0,0,0,0,2.1266937255859376e-05,10
07-01-2024_02:24:14,0.1,5,3,68.8428544998169,0,0,0,0,0,0.0005574703216552734,40
07-01-2024_02:24:15,0.1,5,3,69.70674729347229,0,0,0,0,0,1.5926361083984374e-05,10
07-01-2024_02:24:15,0.1,5,3,69.82429957389832,0,0,0,0,0,2.079010009765625e-05,10
07-01-2024_02:24:15,0.1,5,3,69.83755302429199,0,0,0,0,0,1.862049102783203e-05,10
07-01-2024_02:24:15,0.1,5,3,69.84917855262756,0,0,0,0,0,0.00040660858154296876,40
07-01-2024_02:24:16,0.1,5,3,70.71495389938354,0,0,0,0,0,2.3126602172851562e-05,10
07-01-2024_02:24:16,0.1,5,3,70.83032321929932,0,0,0,0,0,2.3674964904785156e-05,10
07-01-2024_02:24:16,0.1,5,3,70.84252882003784,0,0,0,0,0,2.2149085998535158e-05,10
07-01-2024_02:24:16,0.1,5,3,70.85563921928406,0,0,0,0,0,0.0006209373474121094,40
07-01-2024_02:24:17,0.1,5,3,71.72121143341064,0,0,0,0,0,2.143383026123047e-05,10
07-01-2024_02:24:17,0.1,5,3,71.8355462551117,0,0,0,0,0,2.1910667419433595e-05,10
07-01-2024_02:24:17,0.1,5,3,71.84662580490112,0,0,0,0,0,2.1576881408691406e-05,10
07-01-2024_02:24:17,0.1,5,3,71.86032319068909,0,0,0,0,0,0.00047727108001708983,40
07-01-2024_02:24:18,0.1,5,3,72.72475934028625,0,0,0,0,0,1.6503863864474828e-05,9
07-01-2024_02:24:18,0.1,5,3,72.83934807777405,0,0,0,0,0,1.3971328735351563e-05,10
07-01-2024_02:24:18,0.1,5,3,72.8525903224945,0,0,0,0,0,1.4567375183105469e-05,10
07-01-2024_02:24:18,0.1,5,3,72.86611104011536,0,0,0,0,0,0.00033783912658691406,40
07-01-2024_02:24:19,0.1,5,3,73.72823309898376,0,0,0,0,0,1.3303756713867187e-05,10
07-01-2024_02:24:19,0.1,5,3,73.84470915794373,0,0,0,0,0,1.3828277587890625e-05,10
07-01-2024_02:24:19,0.1,5,3,73.85680317878723,0,0,0,0,0,2.2220611572265626e-05,10
07-01-2024_02:24:19,0.1,5,3,73.87273645401001,0,0,0,0,0,0.0003917026519775391,40
07-01-2024_02:24:20,0.1,5,3,74.73518514633179,0,0,0,0,0,1.9097328186035155e-05,10
07-01-2024_02:24:20,0.1,5,3,74.84915018081665,0,0,0,0,0,1.5629662407769098e-05,9
07-01-2024_02:24:20,0.1,5,3,74.8640558719635,0,0,0,0,0,2.0575523376464843e-05,10
07-01-2024_02:24:20,0.1,5,3,74.87709283828735,0,0,0,0,0,0.00039930343627929686,40
07-01-2024_02:24:21,0.1,5,3,75.74131441116333,0,0,0,0,0,1.4662742614746094e-05,10
07-01-2024_02:24:21,0.1,5,3,75.85622501373291,0,0,0,0,0,1.3232231140136719e-05,10
07-01-2024_02:24:21,0.1,5,3,75.87027931213379,0,0,0,0,0,1.704692840576172e-05,10
07-01-2024_02:24:21,0.1,5,3,75.88275289535522,0,0,0,0,0,0.000299372673034668,40
07-01-2024_02:24:22,0.1,5,3,76.75221943855286,0,0,0,0,0,1.926422119140625e-05,10
07-01-2024_02:24:22,0.1,5,3,76.8600263595581,0,0,0,0,0,2.0933151245117187e-05,10
07-01-2024_02:24:22,0.1,5,3,76.87508583068848,0,0,0,0,0,2.8514862060546874e-05,10
07-01-2024_02:24:22,0.1,5,3,76.88663339614868,0,0,0,0,0,0.0005080938339233398,40
07-01-2024_02:24:23,0.1,5,3,77.75853490829468,0,0,0,0,0,1.270771026611328e-05,10
07-01-2024_02:24:23,0.1,5,3,77.86699509620667,0,0,0,0,0,1.2803077697753907e-05,10
07-01-2024_02:24:23,0.1,5,3,77.88015270233154,0,0,0,0,0,1.5473365783691408e-05,10
07-01-2024_02:24:23,0.1,5,3,77.88992094993591,0,0,0,0,0,0.0002823925018310547,40
07-01-2024_02:24:24,0.1,5,3,78.76850962638855,0,0,0,0,0,2.8634071350097655e-05,10
07-01-2024_02:24:24,0.1,5,3,78.87630438804626,0,0,0,0,0,3.1328201293945314e-05,10
07-01-2024_02:24:24,0.1,5,3,78.88853335380554,0,0,0,0,0,1.5364752875434027e-05,9
07-01-2024_02:24:24,0.1,5,3,78.89353537559509,0,0,0,0,0,0.0004035520553588867,40
07-01-2024_02:24:25,0.1,5,3,79.7724962234497,0,0,0,0,0,1.8191337585449218e-05,10
07-01-2024_02:24:25,0.1,5,3,79.88638663291931,0,0,0,0,0,1.4591217041015626e-05,10
07-01-2024_02:24:25,0.1,5,3,79.8923864364624,0,0,0,0,0,1.9097328186035155e-05,10
07-01-2024_02:24:26,0.1,5,3,79.90453171730042,0,0,0,0,0,0.00032263331943088106,36
07-01-2024_02:24:26,0.1,5,3,80.78526711463928,0,0,0,0,0,2.110004425048828e-05,10
07-01-2024_02:24:26,0.1,5,3,80.89542055130005,0,0,0,0,0,1.5139579772949219e-05,10
07-01-2024_02:24:27,0.1,5,3,80.90784978866577,0,0,0,0,0,1.3566017150878906e-05,10
07-01-2024_02:24:27,0.1,5,3,80.91524076461792,0,0,0,0,0,0.0005071544647216797,40
07-01-2024_02:24:27,0.1,5,3,81.79038858413696,0,0,0,0,0,2.0384788513183594e-05,10
07-01-2024_02:24:28,0.1,5,3,81.90768599510193,0,0,0,0,0,1.71661376953125e-05,10
07-01-2024_02:24:28,0.1,5,3,81.9152467250824,0,0,0,0,0,1.3804435729980468e-05,10
07-01-2024_02:24:28,0.1,5,3,81.92320275306702,0,0,0,0,0,0.00040125370025634766,40
07-01-2024_02:24:28,0.1,5,3,82.7990152835846,0,0,0,0,0,2.1529197692871093e-05,10
07-01-2024_02:24:29,0.1,5,3,82.91177606582642,0,0,0,0,0,2.2959709167480468e-05,10
07-01-2024_02:24:29,0.1,5,3,82.92144775390625,0,0,0,0,0,1.9478797912597657e-05,10
07-01-2024_02:24:29,0.1,5,3,82.92646527290344,0,0,0,0,0,0.0005558395385742188,40
07-01-2024_02:24:29,0.1,5,3,83.80514454841614,0,0,0,0,0,2.067089080810547e-05,10
07-01-2024_02:24:30,0.1,5,3,83.92111277580261,0,0,0,0,0,1.4567375183105469e-05,10
07-01-2024_02:24:30,0.1,5,3,83.9276294708252,0,0,0,0,0,1.4805793762207032e-05,10
07-01-2024_02:24:30,0.1,5,3,83.93001556396484,0,0,0,0,0,0.00044666290283203126,40
07-01-2024_02:24:30,0.1,5,3,84.80898833274841,0,0,0,0,0,1.3279914855957032e-05,10
07-01-2024_02:24:31,0.1,5,3,84.92645311355591,0,0,0,0,0,1.2922286987304688e-05,10
07-01-2024_02:24:31,0.1,5,3,84.93299627304077,0,0,0,0,0,1.1420249938964843e-05,10
07-01-2024_02:24:31,0.1,5,3,84.93637990951538,0,0,0,0,0,0.00032809257507324216,40
07-01-2024_02:24:31,0.1,5,3,85.81503057479858,0,0,0,0,0,2.0933151245117187e-05,10
07-01-2024_02:24:32,0.1,5,3,85.93241572380066,0,0,0,0,0,2.7298927307128906e-05,10
07-01-2024_02:24:32,0.1,5,3,85.93913340568542,0,0,0,0,0,2.1147727966308594e-05,10
07-01-2024_02:24:32,0.1,5,3,85.94175720214844,0,0,0,0,0,0.00048584938049316405,40
07-01-2024_02:24:32,0.1,5,3,86.82116794586182,0,0,0,0,0,1.5306472778320313e-05,10
07-01-2024_02:24:33,0.1,5,3,86.93906426429749,0,0,0,0,0,1.7118453979492187e-05,10
07-01-2024_02:24:33,0.1,5,3,86.94415330886841,0,0,0,0,0,1.3446807861328125e-05,10
07-01-2024_02:24:33,0.1,5,3,86.95272254943848,0,0,0,0,0,0.00041110992431640623,40
07-01-2024_02:24:33,0.1,5,3,87.82659363746643,0,0,0,0,0,1.7976760864257814e-05,10
07-01-2024_02:24:34,0.1,5,3,87.94404196739197,0,0,0,0,0,1.5807151794433593e-05,10
07-01-2024_02:24:34,0.1,5,3,87.95101571083069,0,0,0,0,0,1.3899803161621093e-05,10
07-01-2024_02:24:34,0.1,5,3,87.95674204826355,0,0,0,0,0,0.00036880970001220705,40
07-01-2024_02:24:34,0.1,5,3,88.8302583694458,0,0,0,0,0,1.5187263488769532e-05,10
07-01-2024_02:24:35,0.1,5,3,88.95029306411743,0,0,0,0,0,2.3055076599121094e-05,10
07-01-2024_02:24:35,0.1,5,3,88.95707869529724,0,0,0,0,0,1.5330314636230468e-05,10
07-01-2024_02:24:35,0.1,5,3,88.95945286750793,0,0,0,0,0,0.00045491695404052733,40
07-01-2024_02:24:35,0.1,5,3,89.83680319786072,0,0,0,0,0,1.8811225891113283e-05,10
07-01-2024_02:24:36,0.1,5,3,89.95573377609253,0,0,0,0,0,1.652240753173828e-05,10
07-01-2024_02:24:36,0.1,5,3,89.96074318885803,0,0,0,0,0,1.2326240539550782e-05,10
07-01-2024_02:24:36,0.1,5,3,89.96351456642151,0,0,0,0,0,0.00031733036041259766,40
07-01-2024_02:24:36,0.1,5,3,90.84309339523315,0,0,0,0,0,2.346038818359375e-05,10
07-01-2024_02:24:37,0.1,5,3,90.96000909805298,0,0,0,0,0,2.63214111328125e-05,10
07-01-2024_02:24:37,0.1,5,3,90.96763277053833,0,0,0,0,0,2.1409988403320312e-05,10
07-01-2024_02:24:37,0.1,5,3,90.96991419792175,0,0,0,0,0,0.0006467580795288086,40
07-01-2024_02:24:37,0.1,5,3,91.84775638580322,0,0,0,0,0,1.7595291137695312e-05,10
07-01-2024_02:24:38,0.1,5,3,91.96936249732971,0,0,0,0,0,3.321170806884766e-05,10
07-01-2024_02:24:38,0.1,5,3,91.97401213645935,0,0,0,0,0,1.938343048095703e-05,10
07-01-2024_02:24:38,0.1,5,3,91.97475576400757,0,0,0,0,0,0.0004721355438232422,40
07-01-2024_02:24:38,0.1,5,3,92.85276126861572,0,0,0,0,0,3.712177276611328e-05,10
07-01-2024_02:24:39,0.1,5,3,92.97655987739563,0,0,0,0,0,2.9015541076660157e-05,10
07-01-2024_02:24:39,0.1,5,3,92.98428535461426,0,0,0,0,0,1.8548965454101562e-05,10
07-01-2024_02:24:39,0.1,5,3,92.98598408699036,0,0,0,0,0,0.000502309799194336,40
07-01-2024_02:24:39,0.1,5,3,93.8605306148529,0,0,0,0,0,1.766681671142578e-05,10
07-01-2024_02:24:40,0.1,5,3,93.980721950531,0,0,0,0,0,2.4008750915527344e-05,10
07-01-2024_02:24:40,0.1,5,3,93.99009823799133,0,0,0,0,0,2.541542053222656e-05,10
07-01-2024_02:24:40,0.1,5,3,93.9921064376831,0,0,0,0,0,0.0004873228073120117,40
07-01-2024_02:24:40,0.1,5,3,94.87060403823853,0,0,0,0,0,3.4928321838378906e-05,10
07-01-2024_02:24:41,0.1,5,3,94.98663258552551,0,0,0,0,0,4.665851593017578e-05,10
07-01-2024_02:24:41,0.1,5,3,94.9940836429596,0,0,0,0,0,2.6488304138183592e-05,10
07-01-2024_02:24:41,0.1,5,3,94.9941942691803,0,0,0,0,0,0.000581207275390625,40
07-01-2024_02:24:41,0.1,5,3,95.875896692276,0,0,0,0,0,1.952648162841797e-05,10
07-01-2024_02:24:42,0.1,5,3,95.99386620521545,0,0,0,0,0,2.6035308837890626e-05,10
07-01-2024_02:24:42,0.1,5,3,96.00151300430298,0,0,0,0,0,0.0004818820953369141,40
07-01-2024_02:24:42,0.1,5,3,96.00174450874329,0,0,0,0,0,2.1004676818847655e-05,10
07-01-2024_02:24:42,0.1,5,3,96.8873188495636,0,0,0,0,0,1.7023086547851564e-05,10
07-01-2024_02:24:43,0.1,5,3,97.00435471534729,0,0,0,0,0,3.96728515625e-05,10
07-01-2024_02:24:43,0.1,5,3,97.0069489479065,0,0,0,0,0,0.00048316478729248046,40
07-01-2024_02:24:43,0.1,5,3,97.00807738304138,0,0,0,0,0,2.110004425048828e-05,10
07-01-2024_02:24:43,0.1,5,3,97.90036582946777,0,0,0,0,0,2.3150444030761717e-05,10
07-01-2024_02:24:44,0.1,5,3,98.00996661186218,0,0,0,0,0,2.1409988403320312e-05,10
07-01-2024_02:24:44,0.1,5,3,98.01098585128784,0,0,0,0,0,0.0005100679397583008,40
07-01-2024_02:24:44,0.1,5,3,98.01416230201721,0,0,0,0,0,2.701282501220703e-05,10
07-01-2024_02:24:45,0.1,5,3,98.90687847137451,0,0,0,0,0,2.0718574523925783e-05,10
07-01-2024_02:24:45,0.1,5,3,99.01783776283264,0,0,0,0,0,0.0006186771392822266,40
07-01-2024_02:24:45,0.1,5,3,99.0186836719513,0,0,0,0,0,3.645420074462891e-05,10
07-01-2024_02:24:45,0.1,5,3,99.02320551872253,0,0,0,0,0,1.990795135498047e-05,10
07-01-2024_02:24:46,0.1,5,3,99.91669178009033,0,0,0,0,0,1.6880035400390624e-05,10
07-01-2024_02:24:46,0.1,5,3,100.02403521537781,0,0,0,0,0,0.0004473066329956055,40
07-01-2024_02:24:46,0.1,5,3,100.02537155151367,0,0,0,0,0,3.0112266540527343e-05,10
07-01-2024_02:24:46,0.1,5,3,100.0271782875061,0,0,0,0,0,1.8143653869628905e-05,10
07-01-2024_02:24:47,0.1,5,3,100.92538785934448,0,0,0,0,0,2.536773681640625e-05,10
07-01-2024_02:24:47,0.1,5,3,101.02856230735779,0,0,0,0,0,0.0006801509857177735,40
07-01-2024_02:24:47,0.1,5,3,101.02896523475647,0,0,0,0,0,2.3436546325683593e-05,10
07-01-2024_02:24:47,0.1,5,3,101.03596711158752,0,0,0,0,0,2.467632293701172e-05,10
07-01-2024_02:24:48,0.1,5,3,101.9315276145935,0,0,0,0,0,2.2196769714355467e-05,10
07-01-2024_02:24:48,0.1,5,3,102.03670954704285,0,0,0,0,0,0.00048490524291992186,40
07-01-2024_02:24:48,0.1,5,3,102.0368869304657,0,0,0,0,0,2.0956993103027345e-05,10
07-01-2024_02:24:48,0.1,5,3,102.04184675216675,0,0,0,0,0,1.6283988952636718e-05,10
07-01-2024_02:24:49,0.1,5,3,102.9350802898407,0,0,0,0,0,1.2326240539550782e-05,10
07-01-2024_02:24:49,0.1,5,3,103.04261684417725,0,0,0,0,0,0.0002913951873779297,40
07-01-2024_02:24:49,0.1,5,3,103.04292178153992,0,0,0,0,0,1.3065338134765624e-05,10
07-01-2024_02:24:49,0.1,5,3,103.04596948623657,0,0,0,0,0,1.3232231140136719e-05,10
07-01-2024_02:24:50,0.1,5,3,103.93893551826477,0,0,0,0,0,1.7452239990234376e-05,10
07-01-2024_02:24:50,0.1,5,3,104.04770827293396,0,0,0,0,0,0.0004386472702026367,40
07-01-2024_02:24:50,0.1,5,3,104.04996228218079,0,0,0,0,0,1.9145011901855468e-05,10
07-01-2024_02:24:50,0.1,5,3,104.05478763580322,0,0,0,0,0,1.6808509826660156e-05,10
07-01-2024_02:24:51,0.1,5,3,104.94326281547546,0,0,0,0,0,1.3722313774956598e-05,9
07-01-2024_02:24:51,0.1,5,3,105.0580563545227,0,0,0,0,0,0.00033338546752929686,40
07-01-2024_02:24:51,0.1,5,3,105.05902671813965,0,0,0,0,0,1.4448165893554688e-05,10
07-01-2024_02:24:51,0.1,5,3,105.06009316444397,0,0,0,0,0,2.3245811462402344e-05,10
07-01-2024_02:24:52,0.1,5,3,105.94790053367615,0,0,0,0,0,1.4042854309082031e-05,10
07-01-2024_02:24:52,0.1,5,3,106.06331610679626,0,0,0,0,0,0.00030458927154541015,40
07-01-2024_02:24:52,0.1,5,3,106.06709051132202,0,0,0,0,0,1.3852119445800782e-05,10
07-01-2024_02:24:52,0.1,5,3,106.07222604751587,0,0,0,0,0,1.8811225891113283e-05,10
07-01-2024_02:24:53,0.1,5,3,106.9529447555542,0,0,0,0,0,1.4901161193847656e-05,10
07-01-2024_02:24:53,0.1,5,3,107.06940937042236,0,0,0,0,0,0.00034692287445068357,40
07-01-2024_02:24:53,0.1,5,3,107.07062315940857,0,0,0,0,0,1.5807151794433593e-05,10
07-01-2024_02:24:53,0.1,5,3,107.07517671585083,0,0,0,0,0,1.5139579772949219e-05,10
07-01-2024_02:24:54,0.1,5,3,107.95870780944824,0,0,0,0,0,2.7728080749511718e-05,10
07-01-2024_02:24:54,0.1,5,3,108.0725610256195,0,0,0,0,0,0.00046392440795898436,40
07-01-2024_02:24:54,0.1,5,3,108.07378697395325,0,0,0,0,0,1.7952919006347656e-05,10
07-01-2024_02:24:54,0.1,5,3,108.07860064506531,0,0,0,0,0,2.6154518127441407e-05,10
07-01-2024_02:24:55,0.1,5,3,108.96289539337158,0,0,0,0,0,2.110004425048828e-05,10
07-01-2024_02:24:55,0.1,5,3,109.07692456245422,0,0,0,0,0,0.0005116356743706598,36
07-01-2024_02:24:55,0.1,5,3,109.07820200920105,0,0,0,0,0,1.872910393608941e-05,9
07-01-2024_02:24:55,0.1,5,3,109.08219337463379,0,0,0,0,0,1.9311904907226562e-05,10
07-01-2024_02:24:56,0.1,5,3,109.96814846992493,0,0,0,0,0,2.753734588623047e-05,10
07-01-2024_02:24:56,0.1,5,3,110.08306956291199,0,0,0,0,0,2.5606155395507814e-05,10
07-01-2024_02:24:56,0.1,5,3,110.08306860923767,0,0,0,0,0,0.00061920166015625,40
07-01-2024_02:24:56,0.1,5,3,110.08473658561707,0,0,0,0,0,3.0358632405598957e-05,9
07-01-2024_02:24:57,0.1,5,3,110.97277927398682,0,0,0,0,0,1.4019012451171874e-05,10
07-01-2024_02:24:57,0.1,5,3,111.08879351615906,0,0,0,0,0,1.3685226440429687e-05,10
07-01-2024_02:24:57,0.1,5,3,111.08879399299622,0,0,0,0,0,1.761913299560547e-05,10
07-01-2024_02:24:57,0.1,5,3,111.08915185928345,0,0,0,0,0,0.0003696918487548828,40
07-01-2024_02:24:58,0.1,5,3,111.98091244697571,0,0,0,0,0,2.2625923156738283e-05,10
07-01-2024_02:24:58,0.1,5,3,112.0960602760315,0,0,0,0,0,1.5616416931152344e-05,10
07-01-2024_02:24:58,0.1,5,3,112.09619164466858,0,0,0,0,0,1.7023086547851564e-05,10
07-01-2024_02:24:58,0.1,5,3,112.09649658203125,0,0,0,0,0,0.0005414772033691406,40
07-01-2024_02:24:59,0.1,5,3,112.98816180229187,0,0,0,0,0,2.193450927734375e-05,10
07-01-2024_02:24:59,0.1,5,3,113.10371851921082,0,0,0,0,0,0.00046857833862304685,40
07-01-2024_02:24:59,0.1,5,3,113.10351395606995,0,0,0,0,0,1.506805419921875e-05,10
07-01-2024_02:24:59,0.1,5,3,113.10396146774292,0,0,0,0,0,2.110004425048828e-05,10
07-01-2024_02:25:00,0.1,5,3,113.99847555160522,0,0,0,0,0,1.6283988952636718e-05,10
07-01-2024_02:25:00,0.1,5,3,114.11073470115662,0,0,0,0,0,1.4257431030273437e-05,10
07-01-2024_02:25:00,0.1,5,3,114.11062598228455,0,0,0,0,0,1.6498565673828126e-05,10
07-01-2024_02:25:00,0.1,5,3,114.11107110977173,0,0,0,0,0,0.00047783374786376955,40
07-01-2024_02:25:01,0.1,5,3,115.0085346698761,0,0,0,0,0,1.7762184143066406e-05,10
07-01-2024_02:25:01,0.1,5,3,115.11694526672363,0,0,0,0,0,1.5950202941894533e-05,10
07-01-2024_02:25:01,0.1,5,3,115.11704444885254,0,0,0,0,0,2.6464462280273438e-05,10
07-01-2024_02:25:01,0.1,5,3,115.12415885925293,0,0,0,0,0,0.0004182291030883789,40
07-01-2024_02:25:02,0.1,5,3,116.01287817955017,0,0,0,0,0,1.4257431030273437e-05,10
07-01-2024_02:25:02,0.1,5,3,116.12317371368408,0,0,0,0,0,2.4747848510742187e-05,10
07-01-2024_02:25:02,0.1,5,3,116.12321186065674,0,0,0,0,0,1.2755393981933594e-05,10
07-01-2024_02:25:02,0.1,5,3,116.12857961654663,0,0,0,0,0,0.0003279256820678711,40
07-01-2024_02:25:03,0.1,5,3,117.01844191551208,0,0,0,0,0,1.4400482177734375e-05,10
07-01-2024_02:25:03,0.1,5,3,117.12617921829224,0,0,0,0,0,1.1157989501953124e-05,10
07-01-2024_02:25:03,0.1,5,3,117.1262457370758,0,0,0,0,0,1.3184547424316406e-05,10
07-01-2024_02:25:03,0.1,5,3,117.13178062438965,0,0,0,0,0,0.0003431844711303711,40
07-01-2024_02:25:04,0.1,5,3,118.02265286445618,0,0,0,0,0,1.4638900756835937e-05,10
07-01-2024_02:25:04,0.1,5,3,118.13282680511475,0,0,0,0,0,1.2946128845214843e-05,10
07-01-2024_02:25:04,0.1,5,3,118.13290429115295,0,0,0,0,0,1.3399124145507813e-05,10
07-01-2024_02:25:04,0.1,5,3,118.13438487052917,0,0,0,0,0,0.00048253059387207034,40
07-01-2024_02:25:05,0.1,5,3,119.02622246742249,0,0,0,0,0,2.226829528808594e-05,10
07-01-2024_02:25:05,0.1,5,3,119.13867211341858,0,0,0,0,0,1.9097328186035155e-05,10
07-01-2024_02:25:05,0.1,5,3,119.1387574672699,0,0,0,0,0,0.000507187843322754,40
07-01-2024_02:25:05,0.1,5,3,119.13866186141968,0,0,0,0,0,2.162456512451172e-05,10
07-01-2024_02:25:06,0.1,5,3,120.03424978256226,0,0,0,0,0,2.0813941955566406e-05,10
07-01-2024_02:25:06,0.1,5,3,120.14215683937073,0,0,0,0,0,0.0004075193405151367,40
07-01-2024_02:25:06,0.1,5,3,120.14244079589844,0,0,0,0,0,2.129077911376953e-05,10
07-01-2024_02:25:06,0.1,5,3,120.1427493095398,0,0,0,0,0,2.3627281188964842e-05,10
07-01-2024_02:25:07,0.1,5,3,121.0425157546997,0,0,0,0,0,2.8061866760253907e-05,10
07-01-2024_02:25:07,0.1,5,3,121.14926338195801,0,0,0,0,0,0.0005802679061889649,40
07-01-2024_02:25:07,0.1,5,3,121.14937376976013,0,0,0,0,0,1.7571449279785157e-05,10
07-01-2024_02:25:07,0.1,5,3,121.14926314353943,0,0,0,0,0,1.6498565673828126e-05,10
07-01-2024_02:25:08,0.1,5,3,122.05109977722168,0,0,0,0,0,2.448558807373047e-05,10
07-01-2024_02:25:08,0.1,5,3,122.15563535690308,0,0,0,0,0,2.17437744140625e-05,10
07-01-2024_02:25:08,0.1,5,3,122.15542125701904,0,0,0,0,0,0.0006708908081054688,40
07-01-2024_02:25:08,0.1,5,3,122.15575695037842,0,0,0,0,0,1.7094612121582032e-05,10
07-01-2024_02:25:09,0.1,5,3,123.05835676193237,0,0,0,0,0,2.2935867309570313e-05,10
07-01-2024_02:25:09,0.1,5,3,123.15994000434875,0,0,0,0,0,0.0007829523086547852,40
07-01-2024_02:25:09,0.1,5,3,123.16015601158142,0,0,0,0,0,2.1982192993164063e-05,10
07-01-2024_02:25:09,0.1,5,3,123.1602029800415,0,0,0,0,0,5.524158477783203e-05,10
07-01-2024_02:25:10,0.1,5,3,124.06573057174683,0,0,0,0,0,2.2649765014648438e-05,10
07-01-2024_02:25:10,0.1,5,3,124.16896462440491,0,0,0,0,0,1.857280731201172e-05,10
07-01-2024_02:25:10,0.1,5,3,124.16890788078308,0,0,0,0,0,1.277923583984375e-05,10
07-01-2024_02:25:10,0.1,5,3,124.16896462440491,0,0,0,0,0,0.0005621576309204102,40
07-01-2024_02:25:11,0.1,5,3,125.07167935371399,0,0,0,0,0,3.6096572875976564e-05,10
07-01-2024_02:25:11,0.1,5,3,125.17434549331665,0,0,0,0,0,4.711151123046875e-05,10
07-01-2024_02:25:11,0.1,5,3,125.1748559474945,0,0,0,0,0,0.0005949974060058594,40
07-01-2024_02:25:11,0.1,5,3,125.17503690719604,0,0,0,0,0,3.163814544677734e-05,10
07-01-2024_02:25:12,0.1,5,3,126.0773777961731,0,0,0,0,0,2.3627281188964842e-05,10
07-01-2024_02:25:12,0.1,5,3,126.18091011047363,0,0,0,0,0,4.0030479431152345e-05,10
07-01-2024_02:25:12,0.1,5,3,126.18282079696655,0,0,0,0,0,0.0005682086944580078,40
07-01-2024_02:25:12,0.1,5,3,126.18281197547913,0,0,0,0,0,1.8191337585449218e-05,10
07-01-2024_02:25:13,0.1,5,3,127.0874273777008,0,0,0,0,0,2.1802054511176215e-05,9
07-01-2024_02:25:13,0.1,5,3,127.19012522697449,0,0,0,0,0,2.841949462890625e-05,10
07-01-2024_02:25:13,0.1,5,3,127.19015669822693,0,0,0,0,0,0.0005813980102539062,40
07-01-2024_02:25:13,0.1,5,3,127.19039487838745,0,0,0,0,0,1.79290771484375e-05,10
07-01-2024_02:25:14,0.1,5,3,128.0970139503479,0,0,0,0,0,2.6726722717285155e-05,10
07-01-2024_02:25:14,0.1,5,3,128.19533967971802,0,0,0,0,0,2.037154303656684e-05,9
07-01-2024_02:25:14,0.1,5,3,128.19602513313293,0,0,0,0,0,0.0005933443705240885,36
07-01-2024_02:25:14,0.1,5,3,128.1962959766388,0,0,0,0,0,1.9073486328125e-05,9
07-01-2024_02:25:15,0.1,5,3,129.1027193069458,0,0,0,0,0,2.0432472229003907e-05,10
07-01-2024_02:25:15,0.1,5,3,129.20902276039124,0,0,0,0,0,1.79290771484375e-05,10
07-01-2024_02:25:15,0.1,5,3,129.20878839492798,0,0,0,0,0,0.0008050918579101563,40
07-01-2024_02:25:15,0.1,5,3,129.20919704437256,0,0,0,0,0,1.9955635070800782e-05,10
07-01-2024_02:25:16,0.1,5,3,130.10960745811462,0,0,0,0,0,2.1696090698242188e-05,10
07-01-2024_02:25:16,0.1,5,3,130.21892666816711,0,0,0,0,0,2.1195411682128908e-05,10
07-01-2024_02:25:16,0.1,5,3,130.21944856643677,0,0,0,0,0,3.1828880310058594e-05,10
07-01-2024_02:25:16,0.1,5,3,130.22010707855225,0,0,0,0,0,0.0007606124877929687,40
07-01-2024_02:25:17,0.1,5,3,131.11802983283997,0,0,0,0,0,2.02178955078125e-05,10
07-01-2024_02:25:17,0.1,5,3,131.22393536567688,0,0,0,0,0,2.002716064453125e-05,10
07-01-2024_02:25:17,0.1,5,3,131.22433757781982,0,0,0,0,0,0.0005808448791503906,40
07-01-2024_02:25:17,0.1,5,3,131.22473883628845,0,0,0,0,0,3.073215484619141e-05,10
07-01-2024_02:25:18,0.1,5,3,132.12752723693848,0,0,0,0,0,2.014636993408203e-05,10
07-01-2024_02:25:18,0.1,5,3,132.23304533958435,0,0,0,0,0,1.9788742065429688e-05,10
07-01-2024_02:25:18,0.1,5,3,132.2339382171631,0,0,0,0,0,0.0005660772323608399,40
07-01-2024_02:25:18,0.1,5,3,132.23396682739258,0,0,0,0,0,1.7142295837402345e-05,10
07-01-2024_02:25:19,0.1,5,3,133.1354694366455,0,0,0,0,0,2.3174285888671876e-05,10
07-01-2024_02:25:19,0.1,5,3,133.24096393585205,0,0,0,0,0,0.0007505416870117188,40
07-01-2024_02:25:19,0.1,5,3,133.24117493629456,0,0,0,0,0,2.448558807373047e-05,10
07-01-2024_02:25:19,0.1,5,3,133.24125599861145,0,0,0,0,0,2.70843505859375e-05,10
07-01-2024_02:25:20,0.1,5,3,134.14525246620178,0,0,0,0,0,2.0742416381835938e-05,10
07-01-2024_02:25:20,0.1,5,3,134.24726390838623,0,0,0,0,0,2.0098686218261718e-05,10
07-01-2024_02:25:20,0.1,5,3,134.24740052223206,0,0,0,0,0,0.0005932092666625976,40
07-01-2024_02:25:20,0.1,5,3,134.24746942520142,0,0,0,0,0,1.8215179443359376e-05,10
07-01-2024_02:25:21,0.1,5,3,135.15061902999878,0,0,0,0,0,2.319812774658203e-05,10
07-01-2024_02:25:21,0.1,5,3,135.25217700004578,0,0,0,0,0,1.4257431030273437e-05,10
07-01-2024_02:25:21,0.1,5,3,135.25220942497253,0,0,0,0,0,1.4781951904296875e-05,10
07-01-2024_02:25:21,0.1,5,3,135.25356435775757,0,0,0,0,0,0.00043166637420654296,40
07-01-2024_02:25:22,0.1,5,3,136.15589547157288,0,0,0,0,0,2.4843215942382813e-05,10
07-01-2024_02:25:22,0.1,5,3,136.25492691993713,0,0,0,0,0,2.346038818359375e-05,10
07-01-2024_02:25:22,0.1,5,3,136.2549798488617,0,0,0,0,0,2.1505355834960938e-05,10
07-01-2024_02:25:22,0.1,5,3,136.264643907547,0,0,0,0,0,0.0007243776321411133,40
07-01-2024_02:25:23,0.1,5,3,137.16892743110657,0,0,0,0,0,2.181529998779297e-05,10
07-01-2024_02:25:23,0.1,5,3,137.2593412399292,0,0,0,0,0,3.540515899658203e-05,10
07-01-2024_02:25:23,0.1,5,3,137.2595181465149,0,0,0,0,0,1.964569091796875e-05,10
07-01-2024_02:25:23,0.1,5,3,137.26896333694458,0,0,0,0,0,0.0006998109817504882,40
07-01-2024_02:25:24,0.1,5,3,138.17463397979736,0,0,0,0,0,3.118515014648438e-05,10
07-01-2024_02:25:24,0.1,5,3,138.26320099830627,0,0,0,0,0,1.780986785888672e-05,10
07-01-2024_02:25:24,0.1,5,3,138.263201713562,0,0,0,0,0,2.2149085998535158e-05,10
07-01-2024_02:25:24,0.1,5,3,138.27191615104675,0,0,0,0,0,0.000653085708618164,40
07-01-2024_02:25:25,0.1,5,3,139.18032908439636,0,0,0,0,0,3.6716461181640625e-05,10
07-01-2024_02:25:25,0.1,5,3,139.26892256736755,0,0,0,0,0,3.437995910644531e-05,10
07-01-2024_02:25:25,0.1,5,3,139.2689232826233,0,0,0,0,0,2.6845932006835936e-05,10
07-01-2024_02:25:25,0.1,5,3,139.27566123008728,0,0,0,0,0,0.0007712030410766601,40
07-01-2024_02:25:26,0.1,5,3,140.18786787986755,0,0,0,0,0,1.9860267639160156e-05,10
07-01-2024_02:25:26,0.1,5,3,140.27520036697388,0,0,0,0,0,2.1266937255859376e-05,10
07-01-2024_02:25:26,0.1,5,3,140.27540159225464,0,0,0,0,0,2.2077560424804686e-05,10
07-01-2024_02:25:26,0.1,5,3,140.2810492515564,0,0,0,0,0,0.000516200065612793,40
07-01-2024_02:25:27,0.1,5,3,141.19914364814758,0,0,0,0,0,2.2363662719726562e-05,10
07-01-2024_02:25:27,0.1,5,3,141.2838523387909,0,0,0,0,0,2.0813941955566406e-05,10
07-01-2024_02:25:27,0.1,5,3,141.2838978767395,0,0,0,0,0,1.969337463378906e-05,10
07-01-2024_02:25:27,0.1,5,3,141.2868902683258,0,0,0,0,0,0.0006758022308349609,40
07-01-2024_02:25:28,0.1,5,3,142.2074704170227,0,0,0,0,0,2.734661102294922e-05,10
07-01-2024_02:25:28,0.1,5,3,142.29185843467712,0,0,0,0,0,5.919933319091797e-05,10
07-01-2024_02:25:28,0.1,5,3,142.29188132286072,0,0,0,0,0,2.2125244140625e-05,10
07-01-2024_02:25:28,0.1,5,3,142.29227423667908,0,0,0,0,0,0.0006491661071777344,40
07-01-2024_02:25:29,0.1,5,3,143.21327686309814,0,0,0,0,0,2.7227401733398438e-05,10
07-01-2024_02:25:29,0.1,5,3,143.29901099205017,0,0,0,0,0,2.4509429931640624e-05,10
07-01-2024_02:25:29,0.1,5,3,143.29955625534058,0,0,0,0,0,3.0303001403808592e-05,10
07-01-2024_02:25:29,0.1,5,3,143.29981422424316,0,0,0,0,0,0.0006632709503173828,40
07-01-2024_02:25:30,0.1,5,3,144.21932649612427,0,0,0,0,0,1.94549560546875e-05,10
07-01-2024_02:25:30,0.1,5,3,144.30610132217407,0,0,0,0,0,1.952648162841797e-05,10
07-01-2024_02:25:30,0.1,5,3,144.30612015724182,0,0,0,0,0,1.873970031738281e-05,10
07-01-2024_02:25:30,0.1,5,3,144.30619144439697,0,0,0,0,0,0.0006168651580810547,40
07-01-2024_02:25:31,0.1,5,3,145.22543859481812,0,0,0,0,0,2.8562545776367187e-05,10
07-01-2024_02:25:31,0.1,5,3,145.31253600120544,0,0,0,0,0,2.372264862060547e-05,10
07-01-2024_02:25:31,0.1,5,3,145.31303811073303,0,0,0,0,0,1.9669532775878906e-05,10
07-01-2024_02:25:31,0.1,5,3,145.31288361549377,0,0,0,0,0,0.0007257843017578125,40
07-01-2024_02:25:32,0.1,5,3,146.2310974597931,0,0,0,0,0,2.827644348144531e-05,10
07-01-2024_02:25:32,0.1,5,3,146.31816983222961,0,0,0,0,0,0.0007712268829345704,40
07-01-2024_02:25:32,0.1,5,3,146.3181653022766,0,0,0,0,0,3.001689910888672e-05,10
07-01-2024_02:25:32,0.1,5,3,146.31946992874146,0,0,0,0,0,2.6631355285644532e-05,10
07-01-2024_02:25:33,0.1,5,3,147.23707365989685,0,0,0,0,0,2.2673606872558592e-05,10
07-01-2024_02:25:33,0.1,5,3,147.3243567943573,0,0,0,0,0,2.5245878431532117e-05,9
07-01-2024_02:25:33,0.1,5,3,147.3243477344513,0,0,0,0,0,0.0006646262274848091,36
07-01-2024_02:25:33,0.1,5,3,147.3249912261963,0,0,0,0,0,2.0742416381835938e-05,9
07-01-2024_02:25:34,0.1,5,3,148.24452018737793,0,0,0,0,0,2.8133392333984375e-05,10
07-01-2024_02:25:34,0.1,5,3,148.32826781272888,0,0,0,0,0,1.971721649169922e-05,10
07-01-2024_02:25:34,0.1,5,3,148.32868003845215,0,0,0,0,0,0.0005661487579345703,40
07-01-2024_02:25:34,0.1,5,3,148.33083534240723,0,0,0,0,0,2.2602081298828124e-05,10
07-01-2024_02:25:35,0.1,5,3,149.25115942955017,0,0,0,0,0,2.2702746921115453e-05,9
07-01-2024_02:25:35,0.1,5,3,149.3394227027893,0,0,0,0,0,1.9931793212890624e-05,10
07-01-2024_02:25:35,0.1,5,3,149.33961486816406,0,0,0,0,0,4.279613494873047e-05,10
07-01-2024_02:25:35,0.1,5,3,149.33973240852356,0,0,0,0,0,0.0005890035629272461,40
07-01-2024_02:25:36,0.1,5,3,150.25800228118896,0,0,0,0,0,1.6927719116210938e-05,10
07-01-2024_02:25:36,0.1,5,3,150.34641098976135,0,0,0,0,0,0.0006478357315063476,40
07-01-2024_02:25:36,0.1,5,3,150.3464241027832,0,0,0,0,0,1.5187263488769532e-05,10
07-01-2024_02:25:36,0.1,5,3,150.34716153144836,0,0,0,0,0,1.8334388732910158e-05,10
07-01-2024_02:25:37,0.1,5,3,151.26596856117249,0,0,0,0,0,2.2029876708984376e-05,10
07-01-2024_02:25:37,0.1,5,3,151.35454678535461,0,0,0,0,0,0.0008728218078613282,40
07-01-2024_02:25:37,0.1,5,3,151.35585856437683,0,0,0,0,0,3.905296325683594e-05,10
07-01-2024_02:25:37,0.1,5,3,151.35665774345398,0,0,0,0,0,2.5510787963867188e-05,10
07-01-2024_02:25:38,0.1,5,3,152.2748303413391,0,0,0,0,0,2.7823448181152344e-05,10
07-01-2024_02:25:38,0.1,5,3,152.3620364665985,0,0,0,0,0,0.0006237506866455078,40
07-01-2024_02:25:38,0.1,5,3,152.36289286613464,0,0,0,0,0,3.4928321838378906e-05,10
07-01-2024_02:25:38,0.1,5,3,152.36411571502686,0,0,0,0,0,2.3150444030761717e-05,10
07-01-2024_02:25:39,0.1,5,3,153.28264260292053,0,0,0,0,0,1.990795135498047e-05,10
07-01-2024_02:25:39,0.1,5,3,153.37053060531616,0,0,0,0,0,1.8143653869628905e-05,10
07-01-2024_02:25:39,0.1,5,3,153.3709168434143,0,0,0,0,0,1.8095970153808595e-05,10
07-01-2024_02:25:39,0.1,5,3,153.3723123073578,0,0,0,0,0,0.0005319356918334961,40
07-01-2024_02:25:40,0.1,5,3,154.29145312309265,0,0,0,0,0,1.7952919006347656e-05,10
07-01-2024_02:25:40,0.1,5,3,154.38293290138245,0,0,0,0,0,3.342628479003906e-05,10
07-01-2024_02:25:40,0.1,5,3,154.38324236869812,0,0,0,0,0,1.9216537475585936e-05,10
07-01-2024_02:25:40,0.1,5,3,154.38356280326843,0,0,0,0,0,0.0006441116333007812,40
07-01-2024_02:25:41,0.1,5,3,155.30131435394287,0,0,0,0,0,1.678466796875e-05,10
07-01-2024_02:25:41,0.1,5,3,155.3900852203369,0,0,0,0,0,1.6450881958007812e-05,10
07-01-2024_02:25:41,0.1,5,3,155.39029383659363,0,0,0,0,0,1.9097328186035155e-05,10
07-01-2024_02:25:41,0.1,5,3,155.39091444015503,0,0,0,0,0,0.0006560945510864258,40
07-01-2024_02:25:42,0.1,5,3,156.31088066101074,0,0,0,0,0,2.4747848510742187e-05,10
07-01-2024_02:25:42,0.1,5,3,156.39808630943298,0,0,0,0,0,1.7070770263671874e-05,10
07-01-2024_02:25:42,0.1,5,3,156.39985179901123,0,0,0,0,0,2.0384788513183594e-05,10
07-01-2024_02:25:42,0.1,5,3,156.39991998672485,0,0,0,0,0,0.0005655431747436523,40
07-01-2024_02:25:43,0.1,5,3,157.32049822807312,0,0,0,0,0,2.6416778564453124e-05,10
07-01-2024_02:25:43,0.1,5,3,157.41920948028564,0,0,0,0,0,2.541542053222656e-05,10
07-01-2024_02:25:43,0.1,5,3,157.42188572883606,0,0,0,0,0,2.4724006652832032e-05,10
07-01-2024_02:25:43,0.1,5,3,157.42208528518677,0,0,0,0,0,0.0006072139739990235,40
07-01-2024_02:25:44,0.1,5,3,158.32971000671387,0,0,0,0,0,1.4185905456542969e-05,10
07-01-2024_02:25:44,0.1,5,3,158.42674136161804,0,0,0,0,0,1.8143653869628905e-05,10
07-01-2024_02:25:44,0.1,5,3,158.42923283576965,0,0,0,0,0,1.430511474609375e-05,10
07-01-2024_02:25:44,0.1,5,3,158.42999076843262,0,0,0,0,0,0.00047110557556152345,40
07-01-2024_02:25:45,0.1,5,3,159.33686017990112,0,0,0,0,0,2.6535987854003906e-05,10
07-01-2024_02:25:45,0.1,5,3,159.4327793121338,0,0,0,0,0,2.4390220642089843e-05,10
07-01-2024_02:25:45,0.1,5,3,159.4327907562256,0,0,0,0,0,2.1791458129882814e-05,10
07-01-2024_02:25:45,0.1,5,3,159.44786548614502,0,0,0,0,0,0.0005780029296875,40
07-01-2024_02:25:46,0.1,5,3,160.34442281723022,0,0,0,0,0,1.8596649169921875e-05,10
07-01-2024_02:25:46,0.1,5,3,160.437757730484,0,0,0,0,0,1.64031982421875e-05,10
07-01-2024_02:25:46,0.1,5,3,160.43782901763916,0,0,0,0,0,1.671314239501953e-05,10
07-01-2024_02:25:46,0.1,5,3,160.45510411262512,0,0,0,0,0,0.0005343961715698242,40
07-01-2024_02:25:47,0.1,5,3,161.3500361442566,0,0,0,0,0,1.5187263488769532e-05,10
07-01-2024_02:25:47,0.1,5,3,161.4415078163147,0,0,0,0,0,1.633167266845703e-05,10
07-01-2024_02:25:47,0.1,5,3,161.44160223007202,0,0,0,0,0,2.307891845703125e-05,10
07-01-2024_02:25:47,0.1,5,3,161.4573369026184,0,0,0,0,0,0.0004107999801635742,40
07-01-2024_02:25:48,0.1,5,3,162.35381984710693,0,0,0,0,0,1.575946807861328e-05,10
07-01-2024_02:25:48,0.1,5,3,162.44602274894714,0,0,0,0,0,1.3947486877441406e-05,10
07-01-2024_02:25:48,0.1,5,3,162.4462914466858,0,0,0,0,0,1.4805793762207032e-05,10
07-01-2024_02:25:48,0.1,5,3,162.45995378494263,0,0,0,0,0,0.00028242111206054686,40
07-01-2024_02:25:49,0.1,5,3,163.35955500602722,0,0,0,0,0,3.263950347900391e-05,10
07-01-2024_02:25:49,0.1,5,3,163.4503152370453,0,0,0,0,0,2.5272369384765625e-05,10
07-01-2024_02:25:49,0.1,5,3,163.45043921470642,0,0,0,0,0,1.919269561767578e-05,10
07-01-2024_02:25:49,0.1,5,3,163.4651107788086,0,0,0,0,0,0.0005277299880981445,40
07-01-2024_02:25:50,0.1,5,3,164.364488363266,0,0,0,0,0,1.8906593322753906e-05,10
07-01-2024_02:25:50,0.1,5,3,164.45400428771973,0,0,0,0,0,2.994537353515625e-05,10
07-01-2024_02:25:50,0.1,5,3,164.4541687965393,0,0,0,0,0,1.8191337585449218e-05,10
07-01-2024_02:25:50,0.1,5,3,164.46992325782776,0,0,0,0,0,0.0005762481689453125,40
07-01-2024_02:25:51,0.1,5,3,165.370374917984,0,0,0,0,0,2.55584716796875e-05,10
07-01-2024_02:25:51,0.1,5,3,165.45871496200562,0,0,0,0,0,1.609325408935547e-05,10
07-01-2024_02:25:51,0.1,5,3,165.45879983901978,0,0,0,0,0,1.857280731201172e-05,10
07-01-2024_02:25:51,0.1,5,3,165.47354006767273,0,0,0,0,0,0.0004830026626586914,40
07-01-2024_02:25:52,0.1,5,3,166.38246130943298,0,0,0,0,0,2.1147727966308594e-05,10
07-01-2024_02:25:52,0.1,5,3,166.46495413780212,0,0,0,0,0,2.3913383483886718e-05,10
07-01-2024_02:25:52,0.1,5,3,166.46535992622375,0,0,0,0,0,1.876354217529297e-05,10
07-01-2024_02:25:52,0.1,5,3,166.4832501411438,0,0,0,0,0,0.0007039642333984375,40
07-01-2024_02:25:53,0.1,5,3,167.39137840270996,0,0,0,0,0,2.4724006652832032e-05,10
07-01-2024_02:25:53,0.1,5,3,167.47466254234314,0,0,0,0,0,2.8228759765625e-05,10
07-01-2024_02:25:53,0.1,5,3,167.47520899772644,0,0,0,0,0,2.2864341735839845e-05,10
07-01-2024_02:25:53,0.1,5,3,167.48739552497864,0,0,0,0,0,0.0006529045104980469,40
07-01-2024_02:25:54,0.1,5,3,168.4005720615387,0,0,0,0,0,1.9073486328125e-05,10
07-01-2024_02:25:54,0.1,5,3,168.4808864593506,0,0,0,0,0,1.9097328186035155e-05,10
07-01-2024_02:25:54,0.1,5,3,168.4809079170227,0,0,0,0,0,2.1886825561523437e-05,10
07-01-2024_02:25:54,0.1,5,3,168.49142336845398,0,0,0,0,0,0.000601816177368164,40
07-01-2024_02:25:55,0.1,5,3,169.40697026252747,0,0,0,0,0,2.243518829345703e-05,10
07-01-2024_02:25:55,0.1,5,3,169.48744797706604,0,0,0,0,0,2.2077560424804686e-05,10
07-01-2024_02:25:55,0.1,5,3,169.48751282691956,0,0,0,0,0,1.952648162841797e-05,10
07-01-2024_02:25:55,0.1,5,3,169.49635434150696,0,0,0,0,0,0.0006798410415649414,40
07-01-2024_02:25:56,0.1,5,3,170.41272473335266,0,0,0,0,0,2.6988983154296876e-05,10
07-01-2024_02:25:56,0.1,5,3,170.49626994132996,0,0,0,0,0,1.811981201171875e-05,10
07-01-2024_02:25:56,0.1,5,3,170.49632596969604,0,0,0,0,0,2.0813941955566406e-05,10
07-01-2024_02:25:56,0.1,5,3,170.50099086761475,0,0,0,0,0,0.0005502843856811523,40
07-01-2024_02:25:57,0.1,5,3,171.42125821113586,0,0,0,0,0,2.5582313537597656e-05,10
07-01-2024_02:25:57,0.1,5,3,171.50250577926636,0,0,0,0,0,2.2482872009277343e-05,10
07-01-2024_02:25:57,0.1,5,3,171.5024983882904,0,0,0,0,0,2.5010108947753908e-05,10
07-01-2024_02:25:57,0.1,5,3,171.5046136379242,0,0,0,0,0,0.0006960773468017578,40
07-01-2024_02:25:58,0.1,5,3,172.42926001548767,0,0,0,0,0,4.0483474731445315e-05,10
07-01-2024_02:25:58,0.1,5,3,172.5102310180664,0,0,0,0,0,2.0241737365722658e-05,10
07-01-2024_02:25:58,0.1,5,3,172.5106246471405,0,0,0,0,0,2.3913383483886718e-05,10
07-01-2024_02:25:58,0.1,5,3,172.51121544837952,0,0,0,0,0,0.0007280397415161133,40
07-01-2024_02:25:59,0.1,5,3,173.43844556808472,0,0,0,0,0,2.322196960449219e-05,10
07-01-2024_02:25:59,0.1,5,3,173.51681089401245,0,0,0,0,0,2.1195411682128908e-05,10
07-01-2024_02:25:59,0.1,5,3,173.51712012290955,0,0,0,0,0,0.0006518316268920898,40
07-01-2024_02:25:59,0.1,5,3,173.51749563217163,0,0,0,0,0,2.143383026123047e-05,10
07-01-2024_02:26:00,0.1,5,3,174.4449303150177,0,0,0,0,0,2.1338462829589844e-05,10
07-01-2024_02:26:00,0.1,5,3,174.52159929275513,0,0,0,0,0,1.9979476928710937e-05,10
07-01-2024_02:26:00,0.1,5,3,174.5220115184784,0,0,0,0,0,0.0005512189865112305,40
07-01-2024_02:26:00,0.1,5,3,174.52213859558105,0,0,0,0,0,1.7762184143066406e-05,10
07-01-2024_02:26:01,0.1,5,3,175.44964456558228,0,0,0,0,0,2.148151397705078e-05,10
07-01-2024_02:26:01,0.1,5,3,175.52671813964844,0,0,0,0,0,2.6252534654405383e-05,9
07-01-2024_02:26:01,0.1,5,3,175.5268201828003,0,0,0,0,0,2.3073620266384547e-05,9
07-01-2024_02:26:01,0.1,5,3,175.52688717842102,0,0,0,0,0,0.0007109959920247396,36
07-01-2024_02:26:02,0.1,5,3,176.45645117759705,0,0,0,0,0,2.2482872009277343e-05,10
07-01-2024_02:26:02,0.1,5,3,176.53427577018738,0,0,0,0,0,0.0006260490417480469,40
07-01-2024_02:26:02,0.1,5,3,176.53428316116333,0,0,0,0,0,2.1576881408691406e-05,10
07-01-2024_02:26:02,0.1,5,3,176.5355944633484,0,0,0,0,0,2.3055076599121094e-05,10
07-01-2024_02:26:03,0.1,5,3,177.46287441253662,0,0,0,0,0,2.5820732116699218e-05,10
07-01-2024_02:26:03,0.1,5,3,177.544273853302,0,0,0,0,0,1.94549560546875e-05,10
07-01-2024_02:26:03,0.1,5,3,177.54475688934326,0,0,0,0,0,0.0005761384963989258,40
07-01-2024_02:26:03,0.1,5,3,177.54501056671143,0,0,0,0,0,3.981590270996094e-05,10
07-01-2024_02:26:04,0.1,5,3,178.47669553756714,0,0,0,0,0,3.4189224243164064e-05,10
07-01-2024_02:26:04,0.1,5,3,178.55440521240234,0,0,0,0,0,0.0008452272415161133,40
07-01-2024_02:26:04,0.1,5,3,178.5547866821289,0,0,0,0,0,2.1719932556152342e-05,10
07-01-2024_02:26:04,0.1,5,3,178.55734872817993,0,0,0,0,0,2.8252601623535156e-05,10
07-01-2024_02:26:05,0.1,5,3,179.4858591556549,0,0,0,0,0,2.02178955078125e-05,10
07-01-2024_02:26:05,0.1,5,3,179.56660413742065,0,0,0,0,0,1.8811225891113283e-05,10
07-01-2024_02:26:05,0.1,5,3,179.56762981414795,0,0,0,0,0,1.8095970153808595e-05,10
07-01-2024_02:26:05,0.1,5,3,179.56795930862427,0,0,0,0,0,0.0006918382644653321,40
07-01-2024_02:26:06,0.1,5,3,180.49364256858826,0,0,0,0,0,2.276897430419922e-05,10
07-01-2024_02:26:06,0.1,5,3,180.57879543304443,0,0,0,0,0,0.0007523441314697265,40
07-01-2024_02:26:06,0.1,5,3,180.57945132255554,0,0,0,0,0,2.0718574523925783e-05,10
07-01-2024_02:26:06,0.1,5,3,180.57971382141113,0,0,0,0,0,2.5153160095214844e-05,10
07-01-2024_02:26:07,0.1,5,3,181.5021939277649,0,0,0,0,0,2.3020638359917535e-05,9
07-01-2024_02:26:07,0.1,5,3,181.5898048877716,0,0,0,0,0,0.0006311321258544922,40
07-01-2024_02:26:07,0.1,5,3,181.58999180793762,0,0,0,0,0,2.6154518127441407e-05,10
07-01-2024_02:26:07,0.1,5,3,181.59029245376587,0,0,0,0,0,2.4628639221191406e-05,10
07-01-2024_02:26:08,0.1,5,3,182.50979804992676,0,0,0,0,0,2.231597900390625e-05,10
07-01-2024_02:26:08,0.1,5,3,182.5956254005432,0,0,0,0,0,2.715587615966797e-05,10
07-01-2024_02:26:08,0.1,5,3,182.59593296051025,0,0,0,0,0,2.0241737365722658e-05,10
07-01-2024_02:26:08,0.1,5,3,182.59848380088806,0,0,0,0,0,0.0006333065032958985,40
07-01-2024_02:26:09,0.1,5,3,183.51701045036316,0,0,0,0,0,2.2935867309570313e-05,10
07-01-2024_02:26:09,0.1,5,3,183.60882711410522,0,0,0,0,0,1.697540283203125e-05,10
07-01-2024_02:26:09,0.1,5,3,183.60908722877502,0,0,0,0,0,2.4390220642089843e-05,10
07-01-2024_02:26:09,0.1,5,3,183.61099767684937,0,0,0,0,0,0.0005700397491455078,40
07-01-2024_02:26:10,0.1,5,3,184.5286898612976,0,0,0,0,0,1.7952919006347656e-05,10
07-01-2024_02:26:10,0.1,5,3,184.6183226108551,0,0,0,0,0,1.7380714416503908e-05,10
07-01-2024_02:26:10,0.1,5,3,184.61845111846924,0,0,0,0,0,0.00047546863555908203,40
07-01-2024_02:26:10,0.1,5,3,184.6188313961029,0,0,0,0,0,1.6903877258300783e-05,10
07-01-2024_02:26:11,0.1,5,3,185.5417718887329,0,0,0,0,0,2.1652741865678266e-05,11
07-01-2024_02:26:11,0.1,5,3,185.62759447097778,0,0,0,0,0,1.876354217529297e-05,10
07-01-2024_02:26:11,0.1,5,3,185.62761521339417,0,0,0,0,0,0.0005853891372680664,40
07-01-2024_02:26:11,0.1,5,3,185.62793064117432,0,0,0,0,0,2.1648406982421874e-05,10
07-01-2024_02:26:12,0.1,5,3,186.55030870437622,0,0,0,0,0,2.446174621582031e-05,10
07-01-2024_02:26:12,0.1,5,3,186.63608145713806,0,0,0,0,0,1.873970031738281e-05,10
07-01-2024_02:26:12,0.1,5,3,186.6362292766571,0,0,0,0,0,0.0006571388244628906,40
07-01-2024_02:26:12,0.1,5,3,186.63623714447021,0,0,0,0,0,2.7394294738769533e-05,10
07-01-2024_02:26:13,0.1,5,3,187.55852627754211,0,0,0,0,0,2.037154303656684e-05,9
07-01-2024_02:26:13,0.1,5,3,187.64702534675598,0,0,0,0,0,1.761913299560547e-05,10
07-01-2024_02:26:13,0.1,5,3,187.64831042289734,0,0,0,0,0,0.0005687904357910156,40
07-01-2024_02:26:13,0.1,5,3,187.6485137939453,0,0,0,0,0,3.123283386230469e-05,10
07-01-2024_02:26:14,0.1,5,3,188.5678310394287,0,0,0,0,0,1.9431114196777344e-05,10
07-01-2024_02:26:14,0.1,5,3,188.65456295013428,0,0,0,0,0,0.000541691780090332,40
07-01-2024_02:26:14,0.1,5,3,188.65463280677795,0,0,0,0,0,1.8930435180664064e-05,10
07-01-2024_02:26:14,0.1,5,3,188.65807127952576,0,0,0,0,0,2.4533271789550783e-05,10
07-01-2024_02:26:15,0.1,5,3,189.57742309570312,0,0,0,0,0,2.2649765014648438e-05,10
07-01-2024_02:26:15,0.1,5,3,189.66162037849426,0,0,0,0,0,0.0005714941024780273,40
07-01-2024_02:26:15,0.1,5,3,189.66217374801636,0,0,0,0,0,2.307891845703125e-05,10
07-01-2024_02:26:15,0.1,5,3,189.6621766090393,0,0,0,0,0,2.0623207092285156e-05,10
07-01-2024_02:26:16,0.1,5,3,190.58475756645203,0,0,0,0,0,1.7571449279785157e-05,10
07-01-2024_02:26:16,0.1,5,3,190.66969466209412,0,0,0,0,0,1.747608184814453e-05,10
07-01-2024_02:26:16,0.1,5,3,190.67045664787292,0,0,0,0,0,0.0004348134994506836,40
07-01-2024_02:26:16,0.1,5,3,190.67067170143127,0,0,0,0,0,1.4591217041015626e-05,10
07-01-2024_02:26:17,0.1,5,3,191.59754920005798,0,0,0,0,0,2.5534629821777342e-05,10
07-01-2024_02:26:17,0.1,5,3,191.6764097213745,0,0,0,0,0,2.1672248840332033e-05,10
07-01-2024_02:26:17,0.1,5,3,191.67729592323303,0,0,0,0,0,2.6679039001464845e-05,10
07-01-2024_02:26:17,0.1,5,3,191.67786741256714,0,0,0,0,0,0.0006624841690063476,40
07-01-2024_02:26:18,0.1,5,3,192.60485291481018,0,0,0,0,0,2.036094665527344e-05,10
07-01-2024_02:26:18,0.1,5,3,192.68926906585693,0,0,0,0,0,1.7237663269042968e-05,10
07-01-2024_02:26:18,0.1,5,3,192.68960213661194,0,0,0,0,0,0.0005234384536743164,40
07-01-2024_02:26:18,0.1,5,3,192.68993878364563,0,0,0,0,0,1.5616416931152344e-05,10
07-01-2024_02:26:19,0.1,5,3,193.62718629837036,0,0,0,0,0,2.3674964904785156e-05,10
07-01-2024_02:26:19,0.1,5,3,193.70306015014648,0,0,0,0,0,0.0008603000640869141,40
07-01-2024_02:26:19,0.1,5,3,193.70350861549377,0,0,0,0,0,2.7561187744140624e-05,10
07-01-2024_02:26:19,0.1,5,3,193.7035255432129,0,0,0,0,0,2.1219253540039062e-05,10
07-01-2024_02:26:20,0.1,5,3,194.63701009750366,0,0,0,0,0,1.913850957697088e-05,11
07-01-2024_02:26:20,0.1,5,3,194.7113585472107,0,0,0,0,0,1.7833709716796874e-05,10
07-01-2024_02:26:20,0.1,5,3,194.71163129806519,0,0,0,0,0,1.895427703857422e-05,10
07-01-2024_02:26:20,0.1,5,3,194.71197867393494,0,0,0,0,0,0.0005994987487792969,40
07-01-2024_02:26:21,0.1,5,3,195.64183592796326,0,0,0,0,0,2.3523966471354168e-05,9
07-01-2024_02:26:21,0.1,5,3,195.71784710884094,0,0,0,0,0,1.8215179443359376e-05,10
07-01-2024_02:26:21,0.1,5,3,195.71800684928894,0,0,0,0,0,2.1076202392578126e-05,10
07-01-2024_02:26:21,0.1,5,3,195.71801280975342,0,0,0,0,0,0.0006325626373291015,40
07-01-2024_02:26:22,0.1,5,3,196.65019512176514,0,0,0,0,0,1.7952919006347656e-05,10
07-01-2024_02:26:22,0.1,5,3,196.72689700126648,0,0,0,0,0,4.112720489501953e-05,10
07-01-2024_02:26:22,0.1,5,3,196.72712063789368,0,0,0,0,0,2.0098686218261718e-05,10
07-01-2024_02:26:22,0.1,5,3,196.72775721549988,0,0,0,0,0,0.0006300115585327149,40
07-01-2024_02:26:23,0.1,5,3,197.6598973274231,0,0,0,0,0,1.6880035400390624e-05,10
07-01-2024_02:26:23,0.1,5,3,197.73587894439697,0,0,0,0,0,0.00048433780670166016,40
07-01-2024_02:26:23,0.1,5,3,197.73684096336365,0,0,0,0,0,1.6355514526367186e-05,10
07-01-2024_02:26:23,0.1,5,3,197.7368745803833,0,0,0,0,0,3.540515899658203e-05,10
07-01-2024_02:26:24,0.1,5,3,198.66736912727356,0,0,0,0,0,1.9764900207519533e-05,10
07-01-2024_02:26:24,0.1,5,3,198.74543476104736,0,0,0,0,0,2.2625923156738283e-05,10
07-01-2024_02:26:24,0.1,5,3,198.74550890922546,0,0,0,0,0,0.000467529296875,40
07-01-2024_02:26:24,0.1,5,3,198.74553394317627,0,0,0,0,0,2.257823944091797e-05,10
07-01-2024_02:26:25,0.1,5,3,199.67520427703857,0,0,0,0,0,2.9158592224121093e-05,10
07-01-2024_02:26:25,0.1,5,3,199.755450963974,0,0,0,0,0,2.6607513427734374e-05,10
07-01-2024_02:26:25,0.1,5,3,199.75578212738037,0,0,0,0,0,0.0005917644500732422,40
07-01-2024_02:26:25,0.1,5,3,199.7558078765869,0,0,0,0,0,3.2329559326171874e-05,10
07-01-2024_02:26:26,0.1,5,3,200.6918511390686,0,0,0,0,0,1.7595291137695312e-05,10
07-01-2024_02:26:26,0.1,5,3,200.7638223171234,0,0,0,0,0,1.895427703857422e-05,10
07-01-2024_02:26:26,0.1,5,3,200.76436305046082,0,0,0,0,0,0.0004514312744140625,40
07-01-2024_02:26:26,0.1,5,3,200.76450109481812,0,0,0,0,0,3.0350685119628906e-05,10
07-01-2024_02:26:27,0.1,5,3,201.69967699050903,0,0,0,0,0,1.671314239501953e-05,10
07-01-2024_02:26:27,0.1,5,3,201.77280259132385,0,0,0,0,0,0.0006302070617675782,40
07-01-2024_02:26:27,0.1,5,3,201.7727313041687,0,0,0,0,0,1.9860267639160156e-05,10
07-01-2024_02:26:27,0.1,5,3,201.77314496040344,0,0,0,0,0,2.143383026123047e-05,10
07-01-2024_02:26:28,0.1,5,3,202.70550656318665,0,0,0,0,0,1.7380714416503908e-05,10
07-01-2024_02:26:28,0.1,5,3,202.7839286327362,0,0,0,0,0,1.9001960754394532e-05,10
07-01-2024_02:26:28,0.1,5,3,202.78374242782593,0,0,0,0,0,1.8191337585449218e-05,10
07-01-2024_02:26:28,0.1,5,3,202.78392219543457,0,0,0,0,0,0.0005539464950561524,40
07-01-2024_02:26:29,0.1,5,3,203.71706533432007,0,0,0,0,0,1.823902130126953e-05,10
07-01-2024_02:26:29,0.1,5,3,203.79196882247925,0,0,0,0,0,1.4972686767578124e-05,10
07-01-2024_02:26:29,0.1,5,3,203.79209280014038,0,0,0,0,0,1.940727233886719e-05,10
07-01-2024_02:26:29,0.1,5,3,203.79219770431519,0,0,0,0,0,0.0005263185501098633,40
07-01-2024_02:26:30,0.1,5,3,204.7267143726349,0,0,0,0,0,2.0694732666015624e-05,10
07-01-2024_02:26:30,0.1,5,3,204.80133438110352,0,0,0,0,0,1.8858909606933592e-05,10
07-01-2024_02:26:30,0.1,5,3,204.8015959262848,0,0,0,0,0,1.6498565673828126e-05,10
07-01-2024_02:26:30,0.1,5,3,204.80216455459595,0,0,0,0,0,0.0005522775650024414,40
07-01-2024_02:26:31,0.1,5,3,205.73379850387573,0,0,0,0,0,1.9478797912597657e-05,10
07-01-2024_02:26:31,0.1,5,3,205.81041169166565,0,0,0,0,0,2.143383026123047e-05,10
07-01-2024_02:26:31,0.1,5,3,205.81044387817383,0,0,0,0,0,1.6736984252929688e-05,10
07-01-2024_02:26:31,0.1,5,3,205.81093788146973,0,0,0,0,0,0.0005016756057739257,40
07-01-2024_02:26:32,0.1,5,3,206.7431516647339,0,0,0,0,0,1.7833709716796874e-05,10
07-01-2024_02:26:32,0.1,5,3,206.81870794296265,0,0,0,0,0,1.6021728515625e-05,10
07-01-2024_02:26:32,0.1,5,3,206.81907606124878,0,0,0,0,0,2.064704895019531e-05,10
07-01-2024_02:26:32,0.1,5,3,206.81933069229126,0,0,0,0,0,0.0004941511154174804,40
07-01-2024_02:26:33,0.1,5,3,207.7512812614441,0,0,0,0,0,2.2172927856445312e-05,10
07-01-2024_02:26:33,0.1,5,3,207.8264274597168,0,0,0,0,0,1.6379356384277344e-05,10
07-01-2024_02:26:33,0.1,5,3,207.82636165618896,0,0,0,0,0,1.6069412231445314e-05,10
07-01-2024_02:26:33,0.1,5,3,207.8278615474701,0,0,0,0,0,0.000513014793395996,40
07-01-2024_02:26:34,0.1,5,3,208.76035833358765,0,0,0,0,0,2.162456512451172e-05,10
07-01-2024_02:26:34,0.1,5,3,208.83516144752502,0,0,0,0,0,2.3603439331054688e-05,10
07-01-2024_02:26:34,0.1,5,3,208.8361039161682,0,0,0,0,0,2.4390220642089843e-05,10
07-01-2024_02:26:34,0.1,5,3,208.83677220344543,0,0,0,0,0,0.0006528329849243164,40
07-01-2024_02:26:35,0.1,5,3,209.76453924179077,0,0,0,0,0,1.0561943054199218e-05,10
07-01-2024_02:26:35,0.1,5,3,209.8402762413025,0,0,0,0,0,1.0418891906738282e-05,10
07-01-2024_02:26:35,0.1,5,3,209.84034132957458,0,0,0,0,0,1.1157989501953124e-05,10
07-01-2024_02:26:35,0.1,5,3,209.8437147140503,0,0,0,0,0,0.0003033161163330078,40
07-01-2024_02:26:36,0.1,5,3,210.7718541622162,0,0,0,0,0,1.5926361083984374e-05,10
07-01-2024_02:26:36,0.1,5,3,210.84867334365845,0,0,0,0,0,1.5473365783691408e-05,10
07-01-2024_02:26:36,0.1,5,3,210.84881806373596,0,0,0,0,0,0.0004343700408935547,40
07-01-2024_02:26:36,0.1,5,3,210.84879446029663,0,0,0,0,0,1.773834228515625e-05,10
07-01-2024_02:26:37,0.1,5,3,211.78167915344238,0,0,0,0,0,2.0074844360351563e-05,10
07-01-2024_02:26:37,0.1,5,3,211.85467505455017,0,0,0,0,0,0.0005942726135253906,40
07-01-2024_02:26:37,0.1,5,3,211.85490036010742,0,0,0,0,0,1.6021728515625e-05,10
07-01-2024_02:26:37,0.1,5,3,211.85424733161926,0,0,0,0,0,1.823902130126953e-05,10
07-01-2024_02:26:38,0.1,5,3,212.79062819480896,0,0,0,0,0,1.8858909606933592e-05,10
07-01-2024_02:26:38,0.1,5,3,212.8630564212799,0,0,0,0,0,0.0005501556396484375,40
07-01-2024_02:26:38,0.1,5,3,212.86342573165894,0,0,0,0,0,3.0255317687988283e-05,10
07-01-2024_02:26:38,0.1,5,3,212.866632938385,0,0,0,0,0,1.7213821411132813e-05,10
07-01-2024_02:26:39,0.1,5,3,213.79908275604248,0,0,0,0,0,2.064704895019531e-05,10
07-01-2024_02:26:39,0.1,5,3,213.8694086074829,0,0,0,0,0,2.0885467529296874e-05,10
07-01-2024_02:26:39,0.1,5,3,213.86945796012878,0,0,0,0,0,0.000552830696105957,40
07-01-2024_02:26:39,0.1,5,3,213.88004279136658,0,0,0,0,0,1.7547607421875e-05,10
07-01-2024_02:26:40,0.1,5,3,214.8054974079132,0,0,0,0,0,1.8978118896484374e-05,10
07-01-2024_02:26:40,0.1,5,3,214.8753800392151,0,0,0,0,0,1.7070770263671874e-05,10
07-01-2024_02:26:40,0.1,5,3,214.87554216384888,0,0,0,0,0,0.0004636049270629883,40
07-01-2024_02:26:40,0.1,5,3,214.88713693618774,0,0,0,0,0,1.773834228515625e-05,10
07-01-2024_02:26:41,0.1,5,3,215.8133523464203,0,0,0,0,0,1.888275146484375e-05,10
07-01-2024_02:26:41,0.1,5,3,215.88181710243225,0,0,0,0,0,2.1648406982421874e-05,10
07-01-2024_02:26:41,0.1,5,3,215.8909890651703,0,0,0,0,0,0.0005302953720092773,40
07-01-2024_02:26:41,0.1,5,3,215.89488124847412,0,0,0,0,0,2.129077911376953e-05,10
07-01-2024_02:26:42,0.1,5,3,216.82008337974548,0,0,0,0,0,2.7298927307128906e-05,10
07-01-2024_02:26:42,0.1,5,3,216.8853840827942,0,0,0,0,0,2.226829528808594e-05,10
07-01-2024_02:26:42,0.1,5,3,216.89718770980835,0,0,0,0,0,0.0005710697174072265,40
07-01-2024_02:26:42,0.1,5,3,216.90194368362427,0,0,0,0,0,2.5653839111328124e-05,10
07-01-2024_02:26:43,0.1,5,3,217.82352447509766,0,0,0,0,0,1.2350082397460937e-05,10
07-01-2024_02:26:43,0.1,5,3,217.88776063919067,0,0,0,0,0,1.4233589172363282e-05,10
07-01-2024_02:26:43,0.1,5,3,217.90179586410522,0,0,0,0,0,0.0003121185302734375,40
07-01-2024_02:26:44,0.1,5,3,217.90611720085144,0,0,0,0,0,1.3756752014160157e-05,10
07-01-2024_02:26:44,0.1,5,3,218.8287491798401,0,0,0,0,0,2.1767616271972656e-05,10
07-01-2024_02:26:44,0.1,5,3,218.89615058898926,0,0,0,0,0,2.2339820861816407e-05,10
07-01-2024_02:26:45,0.1,5,3,218.90741443634033,0,0,0,0,0,0.0006881809234619141,40
07-01-2024_02:26:45,0.1,5,3,218.91038942337036,0,0,0,0,0,2.5820732116699218e-05,10
07-01-2024_02:26:45,0.1,5,3,219.83470392227173,0,0,0,0,0,3.490447998046875e-05,10
07-01-2024_02:26:46,0.1,5,3,219.9040071964264,0,0,0,0,0,1.8143653869628905e-05,10
07-01-2024_02:26:46,0.1,5,3,219.91388368606567,0,0,0,0,0,0.0005960845947265625,40
07-01-2024_02:26:46,0.1,5,3,219.91659235954285,0,0,0,0,0,2.3150444030761717e-05,10
07-01-2024_02:26:46,0.1,5,3,220.84142756462097,0,0,0,0,0,2.1839141845703124e-05,10
07-01-2024_02:26:47,0.1,5,3,220.91186666488647,0,0,0,0,0,1.952648162841797e-05,10
07-01-2024_02:26:47,0.1,5,3,220.9194724559784,0,0,0,0,0,0.0006323146820068359,40
07-01-2024_02:26:47,0.1,5,3,220.9204273223877,0,0,0,0,0,2.2220611572265626e-05,10
07-01-2024_02:26:47,0.1,5,3,221.8470335006714,0,0,0,0,0,1.6736984252929688e-05,10
07-01-2024_02:26:48,0.1,5,3,221.91594314575195,0,0,0,0,0,1.2803077697753907e-05,10
07-01-2024_02:26:48,0.1,5,3,221.92311453819275,0,0,0,0,0,0.0003572511672973633,40
07-01-2024_02:26:48,0.1,5,3,221.92439126968384,0,0,0,0,0,1.9979476928710937e-05,10
07-01-2024_02:26:49,0.1,5,3,222.91984748840332,0,0,0,0,0,1.1968612670898438e-05,10
07-01-2024_02:26:49,0.1,5,3,222.9262707233429,0,0,0,0,0,0.00040551185607910154,40
07-01-2024_02:26:49,0.1,5,3,222.9276087284088,0,0,0,0,0,1.5783309936523438e-05,10
07-01-2024_02:26:50,0.1,5,3,223.92620968818665,0,0,0,0,0,1.8861558702256945e-05,9
07-01-2024_02:26:50,0.1,5,3,223.93155550956726,0,0,0,0,0,2.3627281188964842e-05,10
07-01-2024_02:26:50,0.1,5,3,223.93173837661743,0,0,0,0,0,0.0005392408370971679,40
07-01-2024_02:26:51,0.1,5,3,224.93407344818115,0,0,0,0,0,1.5783309936523438e-05,10
07-01-2024_02:26:51,0.1,5,3,224.93528389930725,0,0,0,0,0,2.5177001953125e-05,10
07-01-2024_02:26:52,0.1,5,3,225.9399380683899,0,0,0,0,0,0,0
07-01-2024_02:26:52,0.1,5,3,225.9402630329132,0,0,0,0,0,1.9073486328125e-05,1
07-01-2024_02:26:53,0.1,5,3,227.6044421195984,0,0,0,0,0,3.7550926208496094e-06,8
07-01-2024_02:26:54,0.1,5,3,228.60890245437622,0,0,0,0,0,0,0
07-01-2024_02:26:55,0.1,5,3,229.71624541282654,0,0,0,0,0,0,0
07-01-2024_02:26:56,0.1,5,3,230.72156834602356,0,0,0,0,0,0,0
07-01-2024_02:26:57,0.1,5,3,231.72487115859985,0,0,0,0,0,0,0
07-01-2024_02:26:58,0.1,5,3,232.73075532913208,0,0,0,0,0,0,0
