Request Size,RPS,Num Nodes,Total Time,Throughput,Average Succ Delay,Success Rate,CPU usage,Mem usage,Raft up time,Raft terms,Total Err Requets,Total Requests global,Total Requests in object,Total Succ Requests,ERROR_CNT_QUEUE_FULL    ,ERROR_CNT_MISSING_LEADER,ERROR_CNT_DISCARDED     ,ERROR_CNT_NOT_LEADER    ,ERROR_CNT_LEADER_CHANGED,ERROR_CNT_REQUEST_DENIED,Time of experiment,Node Address
2110,1,3,0.6025002002716064,82.98752428208331,0.011770486831665039,1.0,6.61,29.12,67.50898671150208,1,0,50,150,50,0,0,0,0,0,0,50.0,192.168.219.140:59000
2110,51,3,418.99967861175537,6.0859235225400425,0.22539854049682617,1.0,7.71,29.92,63.00730800628662,1,0,2550,7650,2550,0,0,0,0,0,0,50.0,192.168.219.140:59000
2110,101,3,1403.832612991333,3.597294971826657,0.2668581008911133,1.0,7.75,30.29,71.51206588745117,2,0,5050,15150,5050,0,0,0,0,0,0,50.0,192.168.219.140:59000
2110,151,3,5918.636643886566,1.2756316115128454,0.8124375343322754,1.0,7.58,30.61,63.00530433654785,4,0,7550,22650,7550,0,0,0,0,0,0,50.0,192.168.219.140:59000
2110,201,3,63229.79703950882,0.114439715747919,8.83178448677063,0.72,7.42,30.68,65.50419187545776,7,706,10050,41985,7236,0,0,0,0,706,0,50.0,192.168.219.140:59000
2110,251,3,98331.44315052032,0.07147256030039066,14.501911401748657,0.56,7.79,30.36,63.0054771900177,10,0,12550,20626,7028,0,0,0,0,0,0,50.0,192.168.219.140:59000
2110,301,3,101116.53796362877,0.06251202945925265,15.686897277832031,0.42,7.65,30.26,63.00253987312317,1,0,15050,18927,6321,0,0,0,0,0,0,50.0,192.168.219.140:59000
1910,1,3,0.3449208736419678,144.9607832430015,0.006945610046386719,1.0,7.47,29.23,63.50237727165222,1,0,50,150,50,0,0,0,0,0,0,50.0,192.168.219.140:59000
1910,51,3,487.0461983680725,5.235642960655867,0.2359144687652588,1.0,7.71,29.79,67.00803637504578,4,0,2550,7650,2550,0,0,0,0,0,0,50.0,192.168.219.140:59000
1910,101,3,1514.9259176254272,3.2668264120514334,0.35607194900512695,0.98,7.47,30.51,67.0079357624054,7,101,5050,21706,4949,0,0,0,0,101,0,50.0,192.168.219.140:59000
1910,151,3,5270.784232854843,1.4081395997460482,0.731304407119751,0.983046357615894,7.64,30.55,63.00489568710327,10,128,7550,43926,7422,0,0,0,0,128,0,50.0,192.168.219.140:59000
1910,201,3,53570.57592535019,0.12607667331058003,8.03318977355957,0.6720398009950249,6.96,30.65,63.00565791130066,14,3178,10050,65680,6754,0,145,0,0,3033,0,50.0,192.168.219.140:59000
1910,251,3,75727.92118525505,0.07828024204570716,12.59400749206543,0.4723505976095618,6.89,30.75,71.00853729248047,16,6526,12550,22048,5928,0,753,0,251,5522,0,50.0,192.168.219.140:59000
1910,301,3,82772.21095752716,0.05454729247617632,18.323785543441772,0.3,6.62,30.87,67.50887084007263,18,8908,15050,20348,4515,0,411,0,0,8497,0,50.0,192.168.219.140:59000
1710,1,3,0.8738565444946289,57.217629501094066,0.015310525894165039,1.0,7.85,29.3,71.01089715957642,19,0,50,1270,50,0,0,0,0,0,0,50.0,192.168.219.140:59000
1710,51,3,371.52551913261414,6.726321265452548,0.10532641410827637,0.98,8.22,30.06,71.00942945480347,22,51,2550,10423,2499,0,0,0,0,51,0,50.0,192.168.219.140:59000
1710,101,3,983.708571434021,5.030961550721771,0.21584749221801758,0.98,7.64,30.1,71.01194763183594,25,101,5050,27878,4949,0,0,0,0,101,0,50.0,192.168.219.140:59000
1710,151,3,8696.719390630722,0.819964365836901,0.3374481201171875,0.9445033112582781,7.86,30.4,71.01055407524109,28,151,7550,51062,7131,0,0,0,0,151,0,50.0,192.168.219.140:59000
1710,201,3,31528.457409381866,0.2295069468843343,2.751363754272461,0.72,7.24,30.5,71.01159501075745,34,1608,10050,75556,7236,0,402,0,0,1206,0,50.0,192.168.219.140:59000
1710,251,3,14044.228018760681,0.16718612065137894,5.863570690155029,0.18709163346613547,6.75,30.22,71.01090002059937,38,2565,12550,85919,2348,0,144,0,0,2421,0,50.0,192.168.219.140:59000
1710,301,3,14101.144419193268,0.08538314084360547,11.555610656738281,0.08,6.31,30.31,65.50721144676208,40,4362,15050,25802,1204,0,148,0,0,4214,0,50.0,192.168.219.140:59000
1510,1,3,0.450453519821167,108.77925877780535,0.004641056060791016,0.98,10.45,29.22,63.00703835487366,41,1,50,3585,49,0,0,0,0,1,0,50.0,192.168.219.140:59000
1510,51,3,307.0241858959198,8.139423911206633,0.11230087280273438,0.98,7.89,30.09,71.01096391677856,45,51,2550,14888,2499,0,51,0,0,0,0,50.0,192.168.219.140:59000
1510,101,3,1497.1573543548584,3.3055977620552643,0.1626601219177246,0.98,7.32,30.05,71.00927996635437,48,101,5050,34241,4949,0,0,0,0,101,0,50.0,192.168.219.140:59000
1510,151,3,14456.517705202103,0.5013655534342025,1.9234912395477295,0.96,7.31,30.19,71.01115226745605,51,151,7550,59886,7248,0,0,0,0,151,0,50.0,192.168.219.140:59000
1510,201,3,59278.40893697739,0.1250539637101466,8.426908493041992,0.7375124378109452,6.96,31.08,71.51241326332092,55,201,10050,85103,7413,0,0,0,0,201,0,50.0,192.168.219.140:59000
1510,251,3,95298.72966861725,0.07000093309949777,15.265316724777222,0.5314741035856574,7.26,31.87,71.01135158538818,1,0,12550,21989,6671,0,0,0,0,0,0,50.0,192.168.219.140:59000
1510,301,3,7205.773318529129,2.046830971226087,0.45995569229125977,0.98,7.47,30.05,63.005568504333496,6,301,15050,14843,14749,0,301,0,0,0,0,50.0,192.168.219.140:59000
1310,1,3,7.37409520149231,6.644883021049657,0.15528559684753418,0.98,9.09,30.26,63.502991676330566,9,1,50,19441,49,0,1,0,0,0,0,50.0,192.168.219.140:59000
1310,51,3,407.8128890991211,6.252867597277459,0.22011399269104004,1.0,7.97,29.98,71.00763320922852,11,0,2550,31913,2550,0,0,0,0,0,0,50.0,192.168.219.140:59000
1310,101,3,942.1992089748383,5.252604707007523,0.1564807891845703,0.98,7.88,29.99,63.001553535461426,14,101,5050,50485,4949,0,101,0,0,0,0,50.0,192.168.219.140:59000
1310,151,3,2128.9666182994843,3.475395027992484,0.19474530220031738,0.98,7.51,30.16,63.005398750305176,15,151,7550,77333,7399,0,0,0,0,151,0,50.0,192.168.219.140:59000
1310,201,3,30740.22624349594,0.2512017946398111,1.6461846828460693,0.7683582089552239,7.09,29.98,63.00314688682556,20,2328,10050,103751,7722,0,201,0,0,2127,0,50.0,192.168.219.140:59000
1310,251,3,40595.09060692787,0.16694136898523024,3.5106582641601562,0.54,6.73,30.07,63.007643938064575,28,5773,12550,127017,6777,0,502,0,0,5271,0,50.0,192.168.219.140:59000
1310,301,3,7592.526127338409,1.9822124741605385,0.6408579349517822,1.0,7.61,30.13,63.0025110244751,30,0,15050,141220,15050,0,0,0,0,0,0,50.0,192.168.219.140:59000
1110,1,3,2.700587511062622,18.1442000302814,0.07020854949951172,0.98,8.14,29.92,67.50498914718628,32,1,50,145372,49,0,1,0,0,0,0,50.0,192.168.219.140:59000
1110,51,3,413.03335666656494,6.0503587898286915,0.11690545082092285,0.98,8.04,30.0,63.00186848640442,35,51,2550,156337,2499,0,51,0,0,0,0,50.0,192.168.219.140:59000
1110,101,3,981.4421038627625,5.042579669775439,0.16215920448303223,0.98,7.47,30.33,63.004477977752686,36,101,5050,175076,4949,0,0,0,0,101,0,50.0,192.168.219.140:59000
1110,151,3,7083.671325683594,1.0445148652187044,0.7927465438842773,0.98,7.5,30.32,71.01014375686646,39,151,7550,202818,7399,0,0,0,0,151,0,50.0,192.168.219.140:59000
1110,201,3,15621.039212226868,0.5183393940693992,0.9401717185974121,0.8056716417910448,7.28,30.2,71.0080156326294,44,1953,10050,231314,8097,0,546,0,0,1407,0,50.0,192.168.219.140:59000
1110,251,3,50207.49853205681,0.18794005429239302,7.3333635330200195,0.7518725099601593,7.09,30.1,71.01116967201233,48,3114,12550,260765,9436,0,502,0,0,2612,0,50.0,192.168.219.140:59000
1110,301,3,7310.98267865181,2.017375864268879,0.44632673263549805,0.98,7.47,29.98,71.01091575622559,51,301,15050,281495,14749,0,0,0,0,301,0,50.0,192.168.219.140:59000
910,1,3,0.5451607704162598,89.88174252264308,0.010812997817993164,0.98,10.01,29.89,71.01204919815063,54,1,50,286743,49,0,0,0,1,0,0,50.0,192.168.219.140:59000
910,51,3,255.22031569480896,9.791540274514395,0.09511041641235352,0.98,7.56,30.05,71.01183104515076,55,51,2550,300450,2499,0,51,0,0,0,0,50.0,192.168.219.140:59000
910,101,3,1672.6926102638245,2.958702614952918,0.16919398307800293,0.98,7.37,30.19,71.01056981086731,58,101,5050,321409,4949,0,0,0,0,101,0,50.0,192.168.219.140:59000
910,151,3,2015.0937204360962,3.671789517759376,0.20235300064086914,0.98,7.18,30.07,71.0076196193695,61,151,7550,350182,7399,0,151,0,0,0,0,50.0,192.168.219.140:59000
910,201,3,34347.612824201584,0.22120896840453472,2.6125965118408203,0.7560199004975124,7.29,30.25,71.01044797897339,65,442,10050,377639,7598,0,201,0,0,241,0,50.0,192.168.219.140:59000
910,251,3,14204.650533676147,0.8526784922504833,1.4705510139465332,0.9650996015936255,7.18,29.99,71.51102137565613,68,438,12550,407612,12112,0,0,0,0,438,0,50.0,192.168.219.140:59000
910,301,3,6833.51335644722,2.1795523361270592,0.22177886962890625,0.9896345514950166,7.01,30.34,71.01326632499695,71,156,15050,426160,14894,0,0,0,0,156,0,50.0,192.168.219.140:59000
710,1,3,0.324507474899292,154.0796556859501,0.007048845291137695,1.0,14.25,29.35,71.01137185096741,74,0,50,433862,50,0,0,0,0,0,0,50.0,192.168.219.140:59000
710,51,3,245.16114234924316,10.40132206745639,0.12791919708251953,1.0,8.25,29.51,65.50748372077942,1,0,2550,15150,2550,0,0,0,0,0,0,50.0,192.168.219.140:59000
710,101,3,2067.195003271103,2.4429238615655247,0.36399316787719727,1.0,7.38,29.63,63.00548696517944,1,0,5050,22650,5050,0,0,0,0,0,0,50.0,192.168.219.140:59000
710,151,3,6298.0603120327,1.1987817877157223,0.7618303298950195,1.0,7.55,29.58,63.00537872314453,1,0,7550,29899,7550,0,0,0,0,0,0,50.0,192.168.219.140:59000
710,201,3,59558.92237114906,0.1347908874168758,8.306075096130371,0.7988059701492537,7.34,30.17,63.00567674636841,1,0,10050,28654,8028,0,0,0,0,0,0,50.0,192.168.219.140:59000
710,251,3,7457.31999707222,1.6829102150540933,0.6972751617431641,1.0,7.41,30.09,71.0117564201355,3,0,12550,27650,12550,0,0,0,0,0,0,50.0,192.168.219.140:59000
710,301,3,6525.103152990341,2.258355102516157,0.3884010314941406,0.9791362126245847,7.6,29.81,69.00542950630188,2,314,15050,17336,14736,0,144,0,0,170,0,50.0,192.168.219.140:59000
510,1,3,1.3952810764312744,35.83507355226629,0.007958173751831055,1.0,9.59,29.62,61.50151348114014,4,0,50,24834,50,0,0,0,0,0,0,50.0,192.168.219.140:59000
510,51,3,304.3465049266815,8.211035643737787,0.07531452178955078,0.98,8.6,29.58,63.00542640686035,6,51,2550,39679,2499,0,0,0,0,51,0,50.0,192.168.219.140:59000
510,101,3,800.1887836456299,6.311010730483362,0.22754526138305664,1.0,7.69,29.62,63.50603103637695,9,0,5050,62129,5050,0,0,0,0,0,0,50.0,192.168.219.140:59000
510,151,3,4135.343924045563,1.789210313796981,0.6901283264160156,0.98,7.26,29.55,71.0121762752533,12,151,7550,93715,7399,0,0,0,0,151,0,50.0,192.168.219.140:59000
510,201,3,31610.61279773712,0.18791157381248935,6.196318864822388,0.591044776119403,7.31,29.76,71.00957727432251,17,2158,10050,120109,5940,0,348,0,0,1810,0,50.0,192.168.219.140:59000
510,251,3,10985.799577474594,1.1061552610987548,0.8058748245239258,0.9682868525896414,7.38,29.71,63.509504556655884,18,398,12550,27826,12152,0,147,0,0,251,0,50.0,192.168.219.140:59000
510,301,3,6376.025371313095,2.26598847379187,0.5975828170776367,0.96,7.2,29.71,71.01121139526367,21,602,15050,46240,14448,0,175,0,0,427,0,50.0,192.168.219.140:59000
310,1,3,0.3180100917816162,154.08316046035816,0.0071032047271728516,0.98,10.49,29.72,71.0073914527893,24,1,50,56201,49,0,1,0,0,0,0,50.0,192.168.219.140:59000
310,51,3,806.0138254165649,3.1004430956360634,0.1341543197631836,0.98,7.38,29.75,71.00937366485596,27,51,2550,74045,2499,0,0,0,0,51,0,50.0,192.168.219.140:59000
310,101,3,878.1487345695496,5.635719559996745,0.15615081787109375,0.98,7.63,29.74,71.00691437721252,30,101,5050,100353,4949,0,101,0,0,0,0,50.0,192.168.219.140:59000
310,151,3,11374.95097231865,0.6206620157907285,0.5708081722259521,0.9350993377483444,7.24,29.7,71.01319146156311,33,188,7550,130991,7060,0,151,0,0,37,0,50.0,192.168.219.140:59000
310,201,3,7878.02187037468,1.1882424489327787,0.4995548725128174,0.9314427860696517,7.12,29.73,71.01125645637512,37,689,10050,160252,9361,0,143,0,0,546,0,50.0,192.168.219.140:59000
310,251,3,5064.862394094467,2.405001173220977,0.39421558380126953,0.970597609561753,7.13,29.79,71.01326847076416,40,369,12550,178742,12181,0,219,0,0,150,0,50.0,192.168.219.140:59000
310,301,3,6549.180914402008,2.228675645209708,0.5965909957885742,0.9698338870431894,7.07,29.74,71.01128935813904,43,454,15050,200342,14596,0,153,0,0,301,0,50.0,192.168.219.140:59000
110,1,3,0.22445368766784668,218.3078411815255,0.003961324691772461,0.98,14.2,29.58,71.01559948921204,46,1,50,212995,49,0,1,0,0,0,0,50.0,192.168.219.140:59000
110,51,3,196.43545651435852,12.981363167568514,0.09890961647033691,1.0,7.61,29.63,71.01083564758301,49,0,2550,233397,2550,0,0,0,0,0,0,50.0,192.168.219.140:59000
110,101,3,740.007157087326,6.824258321874669,0.20214319229125977,1.0,7.45,29.69,65.50748872756958,1,0,5050,27650,5050,0,0,0,0,0,0,50.0,192.168.219.140:59000
110,151,3,3945.6981976032257,1.9134763030244357,0.3520543575286865,1.0,7.19,29.7,63.50621485710144,3,0,7550,35150,7550,0,0,0,0,0,0,50.0,192.168.219.140:59000
110,201,3,3399.208270549774,2.9565708247628364,0.47886204719543457,1.0,7.22,29.67,63.506677865982056,1,0,10050,25100,10050,0,0,0,0,0,0,50.0,192.168.219.140:59000
2110,1,3,0.6312832832336426,79.2037447021936,0.013766765594482422,1.0,6.01,18.7,69.01317977905273,1,0,50,150,50,0,0,0,0,0,0,50.0,192.168.219.141:58000
2110,51,3,504.6866178512573,5.052640410512218,0.34332966804504395,1.0,7.84,19.26,63.00539684295654,1,0,2550,7650,2550,0,0,0,0,0,0,50.0,192.168.219.141:58000
2110,101,3,1595.6271131038666,3.164899843157323,0.5734930038452148,1.0,7.91,19.37,71.51298069953918,2,0,5050,15150,5050,0,0,0,0,0,0,50.0,192.168.219.141:58000
2110,151,3,6200.72603392601,1.2175993518648804,0.6578233242034912,1.0,7.28,19.48,65.50329661369324,5,0,7550,22650,7550,0,0,0,0,0,0,50.0,192.168.219.141:58000
2110,201,3,62219.86436462402,0.11629726412766225,8.540635824203491,0.72,7.32,19.77,63.005892753601074,7,312,10050,41985,7236,0,0,0,0,312,0,50.0,192.168.219.141:58000
2110,251,3,92396.55188274384,0.07653965278893465,13.774564266204834,0.5635059760956175,6.76,21.52,63.00451636314392,10,0,12550,20626,7072,0,0,0,0,0,0,50.0,192.168.219.141:58000
2110,301,3,102687.14324092865,0.06413655879536609,15.062389850616455,0.4376079734219269,6.93,22.26,63.00221395492554,1,0,15050,18927,6586,0,0,0,0,0,0,50.0,192.168.219.141:58000
1910,1,3,0.5959031581878662,83.90625106275549,0.011740684509277344,1.0,6.12,17.94,63.003114223480225,1,0,50,150,50,0,0,0,0,0,0,50.0,192.168.219.141:58000
1910,51,3,702.0484244823456,3.6322280786830894,0.32697010040283203,1.0,7.82,18.72,63.005455493927,3,0,2550,7650,2550,0,0,0,0,0,0,50.0,192.168.219.141:58000
1910,101,3,1090.6558525562286,4.630241508505221,0.334395170211792,1.0,7.27,19.11,63.00135540962219,6,0,5050,21706,5050,0,0,0,0,0,0,50.0,192.168.219.141:58000
1910,151,3,3042.383362054825,2.431974908974889,0.43366217613220215,0.98,6.79,19.24,61.504292488098145,9,151,7550,43758,7399,0,151,0,0,0,0,50.0,192.168.219.141:58000
1910,201,3,51839.964500427246,0.14571769237877744,6.699002742767334,0.7516417910447761,7.1,20.08,61.50481128692627,12,285,10050,65680,7554,0,84,0,0,201,0,50.0,192.168.219.141:58000
1910,251,3,75442.87342715263,0.10646466173846984,9.225416660308838,0.64,7.1,19.14,65.00602436065674,14,0,12550,21845,8032,0,0,0,0,0,0,50.0,192.168.219.141:58000
1910,301,3,93053.53716897964,0.08410212269296602,10.512741565704346,0.52,7.41,19.04,63.0028920173645,16,0,15050,20348,7826,0,0,0,0,0,0,50.0,192.168.219.141:58000
1710,1,3,0.43144965171813965,115.88837724375854,0.009171724319458008,1.0,6.8,18.1,65.00732374191284,18,0,50,341,50,0,0,0,0,0,0,50.0,192.168.219.141:58000
1710,51,3,346.8462128639221,6.910843800795406,0.17081117630004883,0.94,7.95,18.49,61.502832651138306,21,153,2550,6982,2397,0,51,0,0,102,0,50.0,192.168.219.141:58000
1710,101,3,963.1221888065338,5.033629228299128,0.20821690559387207,0.96,7.31,19.17,63.0053231716156,24,202,5050,20624,4848,0,101,0,0,101,0,50.0,192.168.219.141:58000
1710,151,3,2967.944144487381,2.4420944758890886,1.2864642143249512,0.96,7.21,19.4,61.5047070980072,27,302,7550,40864,7248,0,151,0,0,151,0,50.0,192.168.219.141:58000
1710,201,3,23667.407387018204,0.3480313608206225,0.35392093658447266,0.8196019900497512,7.09,19.26,61.504804372787476,30,1407,10050,63861,8237,0,0,0,0,1407,0,50.0,192.168.219.141:58000
1710,251,3,36104.11468553543,0.21288432265808419,0.7189023494720459,0.6124302788844621,6.56,19.48,65.00385665893555,36,3407,12550,85848,7686,0,671,0,0,2736,0,50.0,192.168.219.141:58000
1710,301,3,56396.46769785881,0.2134885479797012,4.152215242385864,0.8,7.14,19.23,63.00198745727539,38,0,15050,25802,12040,0,0,0,0,0,0,50.0,192.168.219.141:58000
1510,1,3,0.6072630882263184,82.33663624449656,0.0112152099609375,1.0,5.98,17.9,63.00519323348999,40,0,50,340,50,0,0,0,0,0,0,50.0,192.168.219.141:58000
1510,51,3,389.92522287368774,6.278126821236707,0.13714075088500977,0.96,8.34,18.44,63.00548815727234,43,102,2550,5982,2448,0,51,0,0,51,0,50.0,192.168.219.141:58000
1510,101,3,1374.5979301929474,3.526849483411854,0.3859436511993408,0.96,7.1,18.94,63.0057590007782,47,202,5050,18423,4848,0,101,0,0,101,0,50.0,192.168.219.141:58000
1510,151,3,2586.9013409614563,2.8018076627948187,0.4353635311126709,0.96,7.15,19.12,63.00533962249756,50,302,7550,37714,7248,0,151,0,0,151,0,50.0,192.168.219.141:58000
1510,201,3,22690.150242567062,0.3809141811580252,3.1456477642059326,0.86,7.4,19.22,63.00777721405029,54,1407,10050,61626,8643,0,201,0,0,1206,0,50.0,192.168.219.141:58000
1510,251,3,77315.72226572037,0.1038857267917054,9.89311408996582,0.64,7.04,19.64,61.50473093986511,57,2519,12550,85114,8032,0,0,0,0,2519,0,50.0,192.168.219.141:58000
1510,301,3,115941.7678873539,0.06461864551935277,16.395787000656128,0.49780730897009967,7.37,19.26,61.50506281852722,2,18,15050,22026,7492,0,0,0,0,18,0,50.0,192.168.219.141:58000
1310,1,3,11.588140964508057,4.2284608161116,0.23598980903625488,0.98,12.43,18.88,69.50955438613892,7,1,50,15056,49,0,0,0,0,1,0,50.0,192.168.219.141:58000
1310,51,3,580.4308261871338,4.260628292685979,0.1344900131225586,0.9698039215686275,7.84,18.75,71.0073070526123,10,77,2550,20881,2473,0,51,0,0,26,0,50.0,192.168.219.141:58000
1310,101,3,888.9585440158844,5.453572647042777,0.23225045204162598,0.96,7.23,18.84,61.50450921058655,13,202,5050,33576,4848,0,0,0,0,202,0,50.0,192.168.219.141:58000
1310,151,3,3127.1654357910156,2.3279868460680033,0.23343229293823242,0.9642384105960264,7.0,18.97,71.01061534881592,14,270,7550,55312,7280,0,149,0,0,121,0,50.0,192.168.219.141:58000
1310,201,3,8011.14194560051,1.2294127437610551,0.5663039684295654,0.98,7.09,19.12,63.009687185287476,17,201,10050,81933,9849,0,0,0,0,201,0,50.0,192.168.219.141:58000
1310,251,3,40474.58252739906,0.2153944390679853,8.671723365783691,0.6946613545816733,6.71,19.55,71.51149868965149,21,3330,12550,110816,8718,0,204,0,0,3126,0,50.0,192.168.219.141:58000
1310,301,3,37683.3712990284,0.11455981381663978,8.270496129989624,0.286843853820598,6.38,19.18,71.01031494140625,29,5913,15050,127018,4317,0,451,0,0,5462,0,50.0,192.168.219.141:58000
1110,1,3,6.581789493560791,7.292849466996807,0.22089648246765137,0.96,10.79,18.78,63.00381326675415,31,2,50,142164,48,0,0,0,0,2,0,50.0,192.168.219.141:58000
1110,51,3,392.57645416259766,6.184782541732289,0.1355907917022705,0.952156862745098,8.33,18.6,71.01048040390015,34,122,2550,149150,2428,0,102,0,0,20,0,50.0,192.168.219.141:58000
1110,101,3,1200.158281326294,4.123622756267502,0.16262221336364746,0.98,7.19,18.78,71.01002192497253,35,101,5050,164618,4949,0,101,0,0,0,0,50.0,192.168.219.141:58000
1110,151,3,2720.4282727241516,2.6778871816035896,0.14277029037475586,0.9649006622516556,7.09,18.85,63.00190210342407,38,265,7550,185876,7285,0,114,0,0,151,0,50.0,192.168.219.141:58000
1110,201,3,11150.637158155441,0.8652420362314067,1.3747351169586182,0.96,7.28,18.95,61.50145196914673,41,402,10050,212651,9648,0,201,0,0,201,0,50.0,192.168.219.141:58000
1110,251,3,24059.745780706406,0.3804695229714615,1.0306546688079834,0.7294023904382471,7.06,19.11,71.01007676124573,46,2643,12550,240194,9154,0,121,69,0,2453,0,50.0,192.168.219.141:58000
1110,301,3,24134.938117027283,0.44396219074788223,1.846421241760254,0.7119601328903654,6.83,19.07,71.50785207748413,50,4335,15050,269669,10715,0,576,0,0,3759,0,50.0,192.168.219.141:58000
910,1,3,2.3864216804504395,19.69475905495826,0.007924556732177734,0.94,10.53,18.66,71.01146912574768,53,3,50,282544,47,0,1,0,0,2,0,50.0,192.168.219.141:58000
910,51,3,282.74035000801086,8.838497936107089,0.13128948211669922,0.98,7.73,18.55,71.0102710723877,54,51,2550,290546,2499,0,51,0,0,0,0,50.0,192.168.219.141:58000
910,101,3,1058.6055996418,4.675017779685458,0.1993412971496582,0.98,7.32,18.62,61.50470757484436,57,101,5050,304987,4949,0,0,0,0,101,0,50.0,192.168.219.141:58000
910,151,3,3276.00176858902,2.1663602468251084,0.5598654747009277,0.94,7.22,18.64,71.00841617584229,60,453,7550,327564,7097,0,0,0,0,453,0,50.0,192.168.219.141:58000
910,201,3,5744.307900905609,1.6795757063229428,0.6550161838531494,0.96,6.94,18.92,71.0112156867981,63,402,10050,357840,9648,0,201,0,0,201,0,50.0,192.168.219.141:58000
910,251,3,41442.581129312515,0.19395510079160316,7.304387807846069,0.6404780876494024,6.79,18.88,63.50235295295715,67,4512,12550,382845,8038,0,753,0,0,3759,0,50.0,192.168.219.141:58000
910,301,3,22190.34217429161,0.6495618628494693,1.8391075134277344,0.9577408637873754,7.01,18.88,63.002912521362305,70,636,15050,408822,14414,0,301,0,0,335,0,50.0,192.168.219.141:58000
710,1,3,24.67400050163269,1.9453675538680408,0.5298550128936768,0.96,12.0,18.94,65.00530457496643,73,2,50,426212,48,0,0,0,0,2,0,50.0,192.168.219.141:58000
710,51,3,343.3198461532593,7.4274762399307095,0.22609210014343262,1.0,8.32,18.56,63.00617480278015,76,0,2550,433862,2550,0,0,0,0,0,0,50.0,192.168.219.141:58000
710,101,3,1299.2053859233856,3.8869912753716056,0.4153625965118408,1.0,7.42,18.67,61.50471782684326,1,0,5050,15150,5050,0,0,0,0,0,0,50.0,192.168.219.141:58000
710,151,3,2592.330260038376,2.9124375533417695,0.4208216667175293,1.0,7.38,18.63,63.00206804275513,1,0,7550,22650,7550,0,0,0,0,0,0,50.0,192.168.219.141:58000
710,201,3,5054.752332448959,1.9882279761728525,0.4874391555786133,1.0,6.82,18.74,63.00144076347351,1,0,10050,29899,10050,0,0,0,0,0,0,50.0,192.168.219.141:58000
710,251,3,76417.34846711159,0.1280991842344933,8.633427858352661,0.78,7.03,18.59,63.00544500350952,1,0,12550,28545,9789,0,0,0,0,0,0,50.0,192.168.219.141:58000
710,301,3,6508.206216096878,2.3124651402066103,0.6815221309661865,1.0,6.92,18.74,69.00946116447449,3,0,15050,27650,15050,0,0,0,0,0,0,50.0,192.168.219.141:58000
510,1,3,10.048388004302979,4.975922504046292,0.1904926300048828,1.0,18.24,18.57,61.50105381011963,1,0,50,17094,50,0,0,0,0,0,0,50.0,192.168.219.141:58000
510,51,3,204.97320199012756,12.191837643831915,0.07476234436035156,0.98,6.72,18.68,61.50481843948364,3,51,2550,24833,2499,0,0,0,0,51,0,50.0,192.168.219.141:58000
510,101,3,744.9371721744537,6.507931381446309,0.21645116806030273,0.96,7.03,18.73,61.507452726364136,5,202,5050,39529,4848,0,101,0,0,101,0,50.0,192.168.219.141:58000
510,151,3,1838.521593093872,4.024429208660493,0.23204970359802246,0.98,7.07,18.61,61.504717111587524,8,151,7550,61374,7399,0,0,0,0,151,0,50.0,192.168.219.141:58000
510,201,3,3495.059639453888,2.7604679162234627,0.45655393600463867,0.96,6.98,18.65,63.003377199172974,11,402,10050,89866,9648,0,201,0,0,201,0,50.0,192.168.219.141:58000
510,251,3,41797.299718379974,0.2517866003523708,3.662754535675049,0.8385657370517928,7.1,18.57,61.50157356262207,15,559,12550,120109,10524,0,251,0,0,308,0,50.0,192.168.219.141:58000
510,301,3,7275.116295337677,2.0686954529709616,0.8971948623657227,1.0,6.7,18.66,63.50606989860535,17,0,15050,24692,15050,0,0,0,0,0,0,50.0,192.168.219.141:58000
310,1,3,0.8348264694213867,57.49697902280041,0.008745908737182617,0.96,11.3,18.6,63.005324363708496,20,2,50,40036,48,0,1,0,0,1,0,50.0,192.168.219.141:58000
310,51,3,353.93136382102966,7.060691013706415,0.11777424812316895,0.98,8.15,18.64,63.50603103637695,23,51,2550,51647,2499,0,51,0,0,0,0,50.0,192.168.219.141:58000
310,101,3,1686.453861951828,2.874670994194372,0.4763774871826172,0.96,7.15,18.37,61.50471305847168,26,202,5050,65087,4848,0,101,0,0,101,0,50.0,192.168.219.141:58000
310,151,3,2011.015965461731,3.6663060495927753,0.22208714485168457,0.9765562913907285,7.06,18.47,61.50475835800171,29,177,7550,85503,7373,0,151,0,0,26,0,50.0,192.168.219.141:58000
310,201,3,4969.125403642654,1.9804289891307596,0.325472354888916,0.9792039800995025,6.86,18.43,63.00573253631592,32,209,10050,112686,9841,0,0,0,0,209,0,50.0,192.168.219.141:58000
310,251,3,18835.265001296997,0.5635705151623325,4.242346286773682,0.8458167330677291,6.79,18.44,63.005491733551025,36,1935,12550,142662,10615,0,502,0,0,1433,0,50.0,192.168.219.141:58000
310,301,3,6512.305052518845,2.2554226009911713,0.39128684997558594,0.9759468438538206,7.05,18.36,63.005266427993774,39,362,15050,166793,14688,0,0,0,0,362,0,50.0,192.168.219.141:58000
110,1,3,3.9450204372406006,12.1672373473366,0.15665173530578613,0.96,10.86,18.48,63.001487255096436,42,2,50,180715,48,0,1,0,0,1,0,50.0,192.168.219.141:58000
110,51,3,870.7988967895508,2.8112116460244176,0.578282356262207,0.96,7.59,18.53,63.00947093963623,45,102,2550,201103,2448,0,51,0,0,51,0,50.0,192.168.219.141:58000
110,101,3,932.6887142658234,5.197875696197481,0.3207094669342041,0.96,7.49,18.39,63.005345821380615,48,202,5050,213247,4848,0,101,0,0,101,0,50.0,192.168.219.141:58000
110,151,3,1558.2871525287628,4.8450633682938244,0.2715740203857422,1.0,7.18,18.2,63.005377531051636,51,0,7550,233397,7550,0,0,0,0,0,0,50.0,192.168.219.141:58000
110,201,3,3260.6131529808044,3.0822423662287073,0.4653322696685791,1.0,6.68,18.32,61.50489282608032,1,0,10050,27650,10050,0,0,0,0,0,0,50.0,192.168.219.141:58000
110,251,3,10953.375995635986,1.145765470390146,0.7238986492156982,1.0,6.79,18.46,65.00382876396179,3,0,12550,35150,12550,0,0,0,0,0,0,50.0,192.168.219.141:58000
110,301,3,8307.886117219925,1.8115318129849611,0.6903214454650879,1.0,6.68,18.31,61.50132632255554,1,0,15050,25100,15050,0,0,0,0,0,0,50.0,192.168.219.141:58000
2110,1,2,0.5414519309997559,92.34430082773598,0.011152029037475586,1.0,7.53,28.92,68.51347613334656,1,0,50,100,50,0,0,0,0,0,0,50.0,192.168.219.4:57000
2110,51,2,353.0219507217407,7.223346862104797,0.14956235885620117,1.0,8.29,29.92,70.51131558418274,2,0,2550,5100,2550,0,0,0,0,0,0,50.0,192.168.219.4:57000
2110,101,2,1101.1654193401337,4.5860502984430624,0.2509329319000244,1.0,7.04,30.15,60.501473903656006,1,0,5050,10100,5050,0,0,0,0,0,0,50.0,192.168.219.4:57000
2110,151,2,2581.010614156723,2.925210752171495,0.46961069107055664,1.0,7.36,30.13,62.50425839424133,1,0,7550,15100,7550,0,0,0,0,0,0,50.0,192.168.219.4:57000
2110,201,2,5282.4624853134155,1.9025217931867093,0.7906725406646729,1.0,7.73,30.4,70.00754642486572,1,0,10050,20100,10050,0,0,0,0,0,0,50.0,192.168.219.4:57000
2110,251,2,8276.061278104782,1.5164218313852251,0.639148473739624,1.0,7.75,30.47,70.01076316833496,1,0,12550,25100,12550,0,0,0,0,0,0,50.0,192.168.219.4:57000
2110,301,2,76927.06640768051,0.16433747691615866,6.375673294067383,0.84,7.37,30.95,62.00543761253357,1,0,15050,25240,12642,0,0,0,0,0,0,50.0,192.168.219.4:57000
1910,1,2,0.5490176677703857,91.07175039203177,0.010195255279541016,1.0,7.42,28.7,70.01233863830566,1,0,50,100,50,0,0,0,0,0,0,50.0,192.168.219.4:57000
1910,51,2,624.254371881485,4.0848732741981,0.25730204582214355,1.0,7.17,29.47,70.01085591316223,1,0,2550,5100,2550,0,0,0,0,0,0,50.0,192.168.219.4:57000
1910,101,2,1253.882607460022,4.027490268989165,0.382767915725708,1.0,7.42,30.01,70.00719833374023,1,0,5050,10100,5050,0,0,0,0,0,0,50.0,192.168.219.4:57000
1910,151,2,3049.231412410736,2.4760337865045594,0.43445897102355957,1.0,7.31,30.12,70.50988602638245,1,0,7550,15100,7550,0,0,0,0,0,0,50.0,192.168.219.4:57000
1910,201,2,7205.271839618683,1.3948120520227125,0.7432963848114014,1.0,7.41,30.22,70.01115036010742,1,0,10050,20100,10050,0,0,0,0,0,0,50.0,192.168.219.4:57000
1910,251,2,15081.615134239197,0.8321389909697555,1.6484065055847168,1.0,7.53,30.39,70.01037406921387,1,0,12550,25100,12550,0,0,0,0,0,0,50.0,192.168.219.4:57000
1910,301,2,73736.53357481956,0.17628981686276413,5.807235479354858,0.8637209302325581,7.15,30.42,70.01129198074341,1,0,15050,25978,12999,0,0,0,0,0,0,50.0,192.168.219.4:57000
1710,1,2,0.5367405414581299,93.15487863869588,0.0098724365234375,1.0,6.55,28.72,70.51193356513977,1,0,50,100,50,0,0,0,0,0,0,50.0,192.168.219.4:57000
1710,51,2,539.4047203063965,4.727433602270909,0.19470667839050293,1.0,7.06,29.35,70.01068568229675,1,0,2550,5100,2550,0,0,0,0,0,0,50.0,192.168.219.4:57000
1710,101,2,1656.94291305542,3.0477815259716747,0.4312098026275635,1.0,7.35,29.82,70.0105459690094,1,0,5050,10100,5050,0,0,0,0,0,0,50.0,192.168.219.4:57000
1710,151,2,2423.5393822193146,3.1152784458102007,0.4110848903656006,1.0,7.4,29.97,70.01166367530823,1,0,7550,15100,7550,0,0,0,0,0,0,50.0,192.168.219.4:57000
1710,201,2,6861.374517440796,1.4647210955259908,0.7414166927337646,1.0,7.2,30.14,62.506680488586426,1,0,10050,20100,10050,0,0,0,0,0,0,50.0,192.168.219.4:57000
1710,251,2,11734.318741559982,1.0695124511618286,0.888275146484375,1.0,7.21,30.34,70.01188063621521,1,0,12550,25100,12550,0,0,0,0,0,0,50.0,192.168.219.4:57000
1710,301,2,61984.37326717377,0.21690950946696627,4.355719566345215,0.8933554817275747,7.49,30.55,70.01104760169983,1,0,15050,26991,13445,0,0,0,0,0,0,50.0,192.168.219.4:57000
1510,1,2,0.3036155700683594,164.6819363998442,0.005984306335449219,1.0,6.53,29.05,70.51122784614563,2,0,50,100,50,0,0,0,0,0,0,50.0,192.168.219.4:57000
1510,51,2,276.6979010105133,9.215827047069327,0.1242530345916748,1.0,7.71,29.62,70.51106834411621,1,0,2550,5100,2550,0,0,0,0,0,0,50.0,192.168.219.4:57000
1510,101,2,1769.4126307964325,2.854054454063063,0.37086915969848633,1.0,6.87,30.01,70.0133957862854,1,0,5050,10100,5050,0,0,0,0,0,0,50.0,192.168.219.4:57000
1510,151,2,3953.9834702014923,1.90946675849792,0.6149506568908691,1.0,7.43,30.2,70.00819158554077,1,0,7550,15100,7550,0,0,0,0,0,0,50.0,192.168.219.4:57000
1510,201,2,4165.106390714645,2.412903550892401,0.7702410221099854,1.0,7.64,30.41,70.00681328773499,1,0,10050,20100,10050,0,0,0,0,0,0,50.0,192.168.219.4:57000
1510,251,2,10034.841995477676,1.25064251192553,0.911841869354248,1.0,7.21,30.35,62.50607490539551,1,0,12550,25100,12550,0,0,0,0,0,0,50.0,192.168.219.4:57000
1510,301,2,47894.078637838364,0.3010393019359426,3.3753459453582764,0.9580066445182724,7.21,30.49,70.00815916061401,1,0,15050,28866,14418,0,0,0,0,0,0,50.0,192.168.219.4:57000
1310,1,2,0.5338973999023438,93.65095242858573,0.010195016860961914,1.0,6.47,29.18,70.0126690864563,1,0,50,100,50,0,0,0,0,0,0,50.0,192.168.219.4:57000
1310,51,2,257.1551535129547,9.916192482106094,0.11328363418579102,1.0,7.96,29.84,70.50857639312744,1,0,2550,5100,2550,0,0,0,0,0,0,50.0,192.168.219.4:57000
1310,101,2,1709.4373242855072,2.9541884503491502,0.37322497367858887,1.0,7.2,29.79,70.00783562660217,1,0,5050,10100,5050,0,0,0,0,0,0,50.0,192.168.219.4:57000
1310,151,2,3286.4312257766724,2.2973248126364583,0.5844640731811523,1.0,7.67,29.8,70.0107855796814,1,0,7550,15100,7550,0,0,0,0,0,0,50.0,192.168.219.4:57000
1310,201,2,4140.946967601776,2.426981093607302,0.49607014656066895,1.0,7.21,29.99,72.51332664489746,2,0,10050,20100,10050,0,0,0,0,0,0,50.0,192.168.219.4:57000
1310,251,2,7996.796057939529,1.5693785247330239,0.7267787456512451,1.0,7.16,30.18,70.01108121871948,1,0,12550,25100,12550,0,0,0,0,0,0,50.0,192.168.219.4:57000
1310,301,2,15644.017567873001,0.9620290909738626,0.7058122158050537,1.0,7.3,30.06,70.51194190979004,2,0,15050,30100,15050,0,0,0,0,0,0,50.0,192.168.219.4:57000
1110,1,2,0.5272531509399414,94.83110705145018,0.010715246200561523,1.0,6.34,29.3,70.01060485839844,1,0,50,100,50,0,0,0,0,0,0,50.0,192.168.219.4:57000
1110,51,2,307.50359296798706,8.292586032532862,0.14505839347839355,1.0,8.39,29.53,70.01193642616272,1,0,2550,5100,2550,0,0,0,0,0,0,50.0,192.168.219.4:57000
1110,101,2,1007.5134513378143,5.012340027117673,0.2484731674194336,1.0,7.11,29.69,70.01145672798157,1,0,5050,10100,5050,0,0,0,0,0,0,50.0,192.168.219.4:57000
1110,151,2,1961.6150081157684,3.8488694105435917,0.32610177993774414,1.0,6.94,29.74,62.00594186782837,1,0,7550,15100,7550,0,0,0,0,0,0,50.0,192.168.219.4:57000
1110,201,2,6086.288398742676,1.6512526751239984,0.7810888290405273,1.0,7.38,29.88,70.00692296028137,1,0,10050,20100,10050,0,0,0,0,0,0,50.0,192.168.219.4:57000
1110,251,2,6443.087422370911,1.9478239510495239,0.823049783706665,1.0,7.37,30.04,70.0116012096405,1,0,12550,25100,12550,0,0,0,0,0,0,50.0,192.168.219.4:57000
1110,301,2,15499.975529193878,0.9709692748645726,1.3178141117095947,1.0,7.14,30.11,70.5096082687378,1,0,15050,30100,15050,0,0,0,0,0,0,50.0,192.168.219.4:57000
910,1,2,0.5166068077087402,96.78540672307534,0.011711597442626953,1.0,6.57,29.18,70.01038980484009,1,0,50,100,50,0,0,0,0,0,0,50.0,192.168.219.4:57000
910,51,2,350.14217948913574,7.282755832846244,0.1709456443786621,1.0,8.62,29.19,70.01072335243225,1,0,2550,5100,2550,0,0,0,0,0,0,50.0,192.168.219.4:57000
910,101,2,753.0111539363861,6.706407964345533,0.16902971267700195,1.0,7.21,29.55,70.51188278198242,2,0,5050,10100,5050,0,0,0,0,0,0,50.0,192.168.219.4:57000
910,151,2,2489.7976961135864,3.0323748840257436,0.34105801582336426,1.0,7.25,29.69,70.51135110855103,1,0,7550,15100,7550,0,0,0,0,0,0,50.0,192.168.219.4:57000
910,201,2,5893.777814865112,1.7051881349602604,0.6450095176696777,1.0,7.09,29.82,70.01122903823853,1,0,10050,20100,10050,0,0,0,0,0,0,50.0,192.168.219.4:57000
910,251,2,9292.934714078903,1.3504883426100698,0.8257327079772949,1.0,7.04,29.68,70.01019382476807,1,0,12550,25100,12550,0,0,0,0,0,0,50.0,192.168.219.4:57000
910,301,2,17893.586789131165,0.8410834662361599,1.4167466163635254,1.0,7.05,29.9,70.01131868362427,1,0,15050,30100,15050,0,0,0,0,0,0,50.0,192.168.219.4:57000
710,1,2,0.5238242149353027,95.45186834513841,0.013728857040405273,1.0,6.47,29.08,70.0132532119751,1,0,50,100,50,0,0,0,0,0,0,50.0,192.168.219.4:57000
710,51,2,165.47742700576782,15.40995679072964,0.07726192474365234,1.0,7.13,29.29,62.0017409324646,1,0,2550,5100,2550,0,0,0,0,0,0,50.0,192.168.219.4:57000
710,101,2,1492.9356532096863,3.3825972265736466,0.2979402542114258,1.0,7.05,29.55,70.01124596595764,1,0,5050,10100,5050,0,0,0,0,0,0,50.0,192.168.219.4:57000
710,151,2,3181.9670882225037,2.372746100343089,0.5043981075286865,1.0,7.24,29.62,70.01156878471375,1,0,7550,15100,7550,0,0,0,0,0,0,50.0,192.168.219.4:57000
710,201,2,3567.895964860916,2.8167861672479484,0.6195547580718994,1.0,7.33,29.76,70.01147150993347,1,0,10050,20100,10050,0,0,0,0,0,0,50.0,192.168.219.4:57000
710,251,2,4770.082321405411,2.630981847772889,0.5566139221191406,1.0,7.19,29.68,60.50189185142517,1,0,12550,25100,12550,0,0,0,0,0,0,50.0,192.168.219.4:57000
710,301,2,6862.399083375931,2.193110575055074,0.6440093517303467,1.0,7.15,29.73,62.005380630493164,1,0,15050,30100,15050,0,0,0,0,0,0,50.0,192.168.219.4:57000
510,1,2,0.5297145843505859,94.39045379748886,0.01073765754699707,1.0,6.29,29.0,70.01096868515015,1,0,50,100,50,0,0,0,0,0,0,50.0,192.168.219.4:57000
510,51,2,282.3795235157013,9.030399825921553,0.1420905590057373,1.0,8.39,29.21,70.01098656654358,1,0,2550,5100,2550,0,0,0,0,0,0,50.0,192.168.219.4:57000
510,101,2,1146.9166929721832,4.403109686121275,0.28351616859436035,1.0,7.29,29.49,62.002166748046875,1,0,5050,10100,5050,0,0,0,0,0,0,50.0,192.168.219.4:57000
510,151,2,3570.3284418582916,2.114651389346791,0.5414903163909912,1.0,6.95,29.53,70.00591826438904,1,0,7550,15100,7550,0,0,0,0,0,0,50.0,192.168.219.4:57000
510,201,2,4188.432969093323,2.39946540249289,0.7058815956115723,1.0,7.38,29.63,70.01144337654114,1,0,10050,20100,10050,0,0,0,0,0,0,50.0,192.168.219.4:57000
510,251,2,5140.433632850647,2.4414282716923923,0.6731903553009033,1.0,7.35,29.65,70.01151728630066,1,0,12550,25100,12550,0,0,0,0,0,0,50.0,192.168.219.4:57000
510,301,2,12399.440160036087,1.213764476924271,0.962507963180542,1.0,7.06,29.76,60.504716634750366,1,0,15050,30100,15050,0,0,0,0,0,0,50.0,192.168.219.4:57000
310,1,2,0.494168758392334,101.1800101703387,0.009190082550048828,1.0,6.42,29.0,70.01073265075684,1,0,50,100,50,0,0,0,0,0,0,50.0,192.168.219.4:57000
310,51,2,200.14864873886108,12.740530680909309,0.10880351066589355,1.0,9.57,29.18,70.51173853874207,2,0,2550,5100,2550,0,0,0,0,0,0,50.0,192.168.219.4:57000
310,101,2,886.8769204616547,5.694138480197765,0.20490407943725586,1.0,6.78,29.39,70.01060318946838,1,0,5050,10100,5050,0,0,0,0,0,0,50.0,192.168.219.4:57000
310,151,2,1878.1341700553894,4.019947094502486,0.2769913673400879,1.0,7.09,29.67,70.01094508171082,1,0,7550,15100,7550,0,0,0,0,0,0,50.0,192.168.219.4:57000
310,201,2,5323.700080633163,1.8877847827229073,0.6257684230804443,1.0,7.25,29.64,62.00225353240967,1,0,10050,20100,10050,0,0,0,0,0,0,50.0,192.168.219.4:57000
310,251,2,6263.705949306488,2.003606188025082,0.8336396217346191,1.0,7.3,29.84,70.00748205184937,1,0,12550,25100,12550,0,0,0,0,0,0,50.0,192.168.219.4:57000
310,301,2,6522.797077417374,2.307292381071415,0.6030213832855225,1.0,7.11,29.81,70.01046824455261,1,0,15050,30100,15050,0,0,0,0,0,0,50.0,192.168.219.4:57000
110,1,2,0.49777793884277344,100.44639607018189,0.009962797164916992,1.0,6.23,29.14,62.005650997161865,1,0,50,100,50,0,0,0,0,0,0,50.0,192.168.219.4:57000
110,51,2,263.0753915309906,9.693038885773575,0.11320090293884277,1.0,8.33,29.56,70.00769758224487,1,0,2550,5100,2550,0,0,0,0,0,0,50.0,192.168.219.4:57000
110,101,2,863.5158989429474,5.848184157560779,0.2325122356414795,1.0,7.11,29.54,70.01045298576355,1,0,5050,10100,5050,0,0,0,0,0,0,50.0,192.168.219.4:57000
110,151,2,2709.4160690307617,2.7865782912776695,0.4223318099975586,1.0,6.87,29.4,62.006680488586426,1,0,7550,15100,7550,0,0,0,0,0,0,50.0,192.168.219.4:57000
110,201,2,4412.563755273819,2.2775874882234657,0.6617670059204102,1.0,7.4,29.45,70.01390075683594,1,0,10050,20100,10050,0,0,0,0,0,0,50.0,192.168.219.4:57000
110,251,2,4840.871329545975,2.5925084856938483,0.5430116653442383,1.0,7.25,29.62,70.0103268623352,1,0,12550,25100,12550,0,0,0,0,0,0,50.0,192.168.219.4:57000
110,301,2,9622.56532239914,1.564031991029152,0.7211282253265381,1.0,6.99,29.54,70.5110969543457,1,0,15050,30100,15050,0,0,0,0,0,0,50.0,192.168.219.4:57000
2110,1,2,0.27724170684814453,180.34804564014186,0.005151271820068359,1.0,10.73,26.32,70.5098602771759,1,0,50,100,50,0,0,0,0,0,0,50.0,192.168.219.6:56000
2110,51,2,220.49189949035645,11.565050715668256,0.09225797653198242,1.0,7.87,27.06,72.00769853591919,2,0,2550,5100,2550,0,0,0,0,0,0,50.0,192.168.219.6:56000
2110,101,2,779.7664744853973,6.476297924109549,0.21699953079223633,1.0,7.67,27.14,62.005706548690796,1,0,5050,10100,5050,0,0,0,0,0,0,50.0,192.168.219.6:56000
2110,151,2,3924.123127937317,1.9239967131124642,0.559351921081543,1.0,7.95,27.24,62.50255012512207,1,0,7550,15100,7550,0,0,0,0,0,0,50.0,192.168.219.6:56000
2110,201,2,4436.487034320831,2.265305842720337,0.5206115245819092,1.0,7.56,27.22,70.51109266281128,1,0,10050,20100,10050,0,0,0,0,0,0,50.0,192.168.219.6:56000
2110,251,2,6289.079653739929,1.9955225074207619,0.6858503818511963,1.0,7.6,27.21,70.51059007644653,1,0,12550,25100,12550,0,0,0,0,0,0,50.0,192.168.219.6:56000
2110,301,2,85219.08058452606,0.14696239285963486,7.362157583236694,0.8321594684385382,7.88,27.57,62.001375675201416,1,0,15050,25166,12524,0,0,0,0,0,0,50.0,192.168.219.6:56000
1910,1,2,0.30869483947753906,161.97225740677808,0.005389690399169922,1.0,10.84,26.46,70.51097440719604,1,0,50,100,50,0,0,0,0,0,0,50.0,192.168.219.6:56000
1910,51,2,336.5779592990875,7.576253671839626,0.19077825546264648,1.0,8.13,26.5,70.50814390182495,1,0,2550,5100,2550,0,0,0,0,0,0,50.0,192.168.219.6:56000
1910,101,2,867.0941247940063,5.824050533383232,0.18819308280944824,1.0,7.97,26.84,70.5122582912445,1,0,5050,10100,5050,0,0,0,0,0,0,50.0,192.168.219.6:56000
1910,151,2,1972.1007640361786,3.828404784219988,0.4134047031402588,1.0,7.98,27.19,70.51116943359375,1,0,7550,15100,7550,0,0,0,0,0,0,50.0,192.168.219.6:56000
1910,201,2,4393.231956720352,2.287609691226628,0.5750331878662109,1.0,7.52,27.6,70.51068758964539,1,0,10050,20100,10050,0,0,0,0,0,0,50.0,192.168.219.6:56000
1910,251,2,7120.152742385864,1.7626026370600962,0.7865304946899414,1.0,7.44,27.64,70.51097249984741,1,0,12550,25100,12550,0,0,0,0,0,0,50.0,192.168.219.6:56000
1910,301,2,64534.755096912384,0.2052227513703488,5.224581241607666,0.88,7.66,27.84,70.51095819473267,1,0,15050,26249,13244,0,0,0,0,0,0,50.0,192.168.219.6:56000
1710,1,2,0.27390050888061523,182.54803616226013,0.0055959224700927734,1.0,10.45,26.22,70.51126766204834,1,0,50,100,50,0,0,0,0,0,0,50.0,192.168.219.6:56000
1710,51,2,400.4205114841461,6.368305136389004,0.14768671989440918,1.0,8.27,26.74,70.5108253955841,1,0,2550,5100,2550,0,0,0,0,0,0,50.0,192.168.219.6:56000
1710,101,2,1038.590458869934,4.862359322552209,0.24966859817504883,1.0,7.72,26.98,70.51096868515015,1,0,5050,10100,5050,0,0,0,0,0,0,50.0,192.168.219.6:56000
1710,151,2,1808.692895412445,4.174285208478323,0.29584407806396484,1.0,7.78,27.16,70.51035189628601,1,0,7550,15100,7550,0,0,0,0,0,0,50.0,192.168.219.6:56000
1710,201,2,4776.7120451927185,2.103957681542541,0.5798873901367188,1.0,7.64,27.18,62.50589871406555,1,0,10050,20100,10050,0,0,0,0,0,0,50.0,192.168.219.6:56000
1710,251,2,6433.300051689148,1.9507872941049642,0.5267114639282227,1.0,7.37,27.09,70.5115852355957,1,0,12550,25100,12550,0,0,0,0,0,0,50.0,192.168.219.6:56000
1710,301,2,52485.570095300674,0.2595761077809048,3.8138692378997803,0.9052491694352159,7.8,27.44,70.51126718521118,1,0,15050,27169,13624,0,0,0,0,0,0,50.0,192.168.219.6:56000
1510,1,2,0.5006289482116699,99.87436838921987,0.00928044319152832,1.0,10.29,26.5,72.0120439529419,2,0,50,100,50,0,0,0,0,0,0,50.0,192.168.219.6:56000
1510,51,2,218.13881754875183,11.689803899437113,0.10015130043029785,1.0,8.15,26.79,70.51135158538818,1,0,2550,5100,2550,0,0,0,0,0,0,50.0,192.168.219.6:56000
1510,101,2,1270.3673040866852,3.9752282538715327,0.33466529846191406,1.0,8.2,26.93,70.5079357624054,1,0,5050,10100,5050,0,0,0,0,0,0,50.0,192.168.219.6:56000
1510,151,2,1996.7886626720428,3.7810711474577463,0.301532506942749,1.0,7.63,26.96,70.51090979576111,1,0,7550,15100,7550,0,0,0,0,0,0,50.0,192.168.219.6:56000
1510,201,2,3662.920070409775,2.743712613656813,0.4372222423553467,1.0,7.42,27.19,70.51097440719604,1,0,10050,20100,10050,0,0,0,0,0,0,50.0,192.168.219.6:56000
1510,251,2,6654.671328544617,1.8858932891498186,0.6729774475097656,1.0,7.65,27.09,62.50563716888428,1,0,12550,25100,12550,0,0,0,0,0,0,50.0,192.168.219.6:56000
1510,301,2,38846.58188486099,0.37192461470157223,2.7966842651367188,0.96,7.7,27.41,70.50758576393127,1,0,15050,28866,14448,0,0,0,0,0,0,50.0,192.168.219.6:56000
1310,1,2,0.27824926376342773,179.69499478176823,0.005652904510498047,1.0,10.49,26.24,70.51117396354675,1,0,50,100,50,0,0,0,0,0,0,50.0,192.168.219.6:56000
1310,51,2,217.56647777557373,11.720555602460047,0.09100461006164551,1.0,8.03,26.77,70.50698518753052,1,0,2550,5100,2550,0,0,0,0,0,0,50.0,192.168.219.6:56000
1310,101,2,1210.123572587967,4.173127533744412,0.2763388156890869,1.0,8.34,27.12,70.5103051662445,1,0,5050,10100,5050,0,0,0,0,0,0,50.0,192.168.219.6:56000
1310,151,2,2159.3053793907166,3.496494785804848,0.42676615715026855,1.0,7.85,27.07,70.51063823699951,1,0,7550,15100,7550,0,0,0,0,0,0,50.0,192.168.219.6:56000
1310,201,2,2738.467621564865,3.669935667983924,0.4942963123321533,1.0,7.87,27.13,72.51159334182739,2,0,10050,20100,10050,0,0,0,0,0,0,50.0,192.168.219.6:56000
1310,251,2,4299.64254117012,2.9188472948229314,0.573716402053833,1.0,7.89,27.29,70.5101809501648,1,0,12550,25100,12550,0,0,0,0,0,0,50.0,192.168.219.6:56000
1310,301,2,25270.313246250153,0.5955604844840323,1.4966309070587158,1.0,7.8,27.56,72.01162433624268,2,0,15050,30100,15050,0,0,0,0,0,0,50.0,192.168.219.6:56000
1110,1,2,0.2749652862548828,181.8411359521646,0.008130073547363281,1.0,10.2,26.77,70.51095414161682,1,0,50,100,50,0,0,0,0,0,0,50.0,192.168.219.6:56000
1110,51,2,181.55281710624695,14.045499489593205,0.0841219425201416,1.0,7.32,26.87,70.5112681388855,1,0,2550,5100,2550,0,0,0,0,0,0,50.0,192.168.219.6:56000
1110,101,2,659.5648000240326,7.65656384303103,0.16604828834533691,1.0,7.78,27.06,70.51001119613647,1,0,5050,10100,5050,0,0,0,0,0,0,50.0,192.168.219.6:56000
1110,151,2,3699.510184764862,2.0408107081559157,0.5884263515472412,1.0,7.98,26.97,62.004515647888184,1,0,7550,15100,7550,0,0,0,0,0,0,50.0,192.168.219.6:56000
1110,201,2,3188.259658575058,3.152189933141044,0.4164845943450928,1.0,7.47,27.01,70.50745177268982,1,0,10050,20100,10050,0,0,0,0,0,0,50.0,192.168.219.6:56000
1110,251,2,5896.201222896576,2.1284890941755665,0.5687661170959473,1.0,7.51,27.01,70.50930404663086,1,0,12550,25100,12550,0,0,0,0,0,0,50.0,192.168.219.6:56000
1110,301,2,9437.307651519775,1.594734489510508,0.8115482330322266,1.0,7.74,26.93,70.51066160202026,1,0,15050,30100,15050,0,0,0,0,0,0,50.0,192.168.219.6:56000
910,1,2,0.27472424507141113,182.00068212764813,0.005240678787231445,1.0,10.46,26.11,70.51094961166382,1,0,50,100,50,0,0,0,0,0,0,50.0,192.168.219.6:56000
910,51,2,194.0087275505066,13.14373859462665,0.09313082695007324,1.0,7.89,26.46,70.50959897041321,1,0,2550,5100,2550,0,0,0,0,0,0,50.0,192.168.219.6:56000
910,101,2,885.9472606182098,5.700113567117001,0.22762560844421387,1.0,7.79,26.68,72.0118932723999,2,0,5050,10100,5050,0,0,0,0,0,0,50.0,192.168.219.6:56000
910,151,2,1527.8830080032349,4.941477822877925,0.24894142150878906,1.0,8.01,26.87,70.50726819038391,1,0,7550,15100,7550,0,0,0,0,0,0,50.0,192.168.219.6:56000
910,201,2,3624.3011934757233,2.7729483460401916,0.47527647018432617,1.0,7.65,26.99,70.51098227500916,1,0,10050,20100,10050,0,0,0,0,0,0,50.0,192.168.219.6:56000
910,251,2,5228.141174316406,2.400470756538235,0.5959649085998535,1.0,7.32,26.78,70.51020407676697,1,0,12550,25100,12550,0,0,0,0,0,0,50.0,192.168.219.6:56000
910,301,2,8560.207717895508,1.758134906999661,0.6910297870635986,1.0,7.51,26.82,70.50727272033691,1,0,15050,30100,15050,0,0,0,0,0,0,50.0,192.168.219.6:56000
710,1,2,0.2542548179626465,196.65310730648844,0.0056264400482177734,1.0,10.43,26.46,70.50698924064636,1,0,50,100,50,0,0,0,0,0,0,50.0,192.168.219.6:56000
710,51,2,309.0295875072479,8.251637069994771,0.14928793907165527,1.0,8.27,26.77,62.00122570991516,1,0,2550,5100,2550,0,0,0,0,0,0,50.0,192.168.219.6:56000
710,101,2,1057.9466211795807,4.773397730000208,0.24253582954406738,1.0,7.77,26.73,70.50667953491211,1,0,5050,10100,5050,0,0,0,0,0,0,50.0,192.168.219.6:56000
710,151,2,1861.2377772331238,4.056440338978971,0.3676900863647461,1.0,7.77,26.66,70.51040959358215,1,0,7550,15100,7550,0,0,0,0,0,0,50.0,192.168.219.6:56000
710,201,2,3197.9213263988495,3.142666430545749,0.41818952560424805,1.0,7.55,26.71,70.51102662086487,1,0,10050,20100,10050,0,0,0,0,0,0,50.0,192.168.219.6:56000
710,251,2,3468.538930416107,3.6182381837918207,0.38541436195373535,1.0,7.41,27.1,62.00186204910278,1,0,12550,25100,12550,0,0,0,0,0,0,50.0,192.168.219.6:56000
710,301,2,11829.218278169632,1.272273420448602,1.223743200302124,1.0,7.43,26.99,62.00531005859375,1,0,15050,30100,15050,0,0,0,0,0,0,50.0,192.168.219.6:56000
510,1,2,0.2669851779937744,187.27631389771722,0.005737781524658203,1.0,10.53,27.0,70.50853538513184,1,0,50,100,50,0,0,0,0,0,0,50.0,192.168.219.6:56000
510,51,2,170.19089913368225,14.98317485235809,0.07517194747924805,1.0,7.63,26.39,70.50721955299377,1,0,2550,5100,2550,0,0,0,0,0,0,50.0,192.168.219.6:56000
510,101,2,712.2592124938965,7.090115384142223,0.19921207427978516,1.0,7.82,26.48,62.00527811050415,1,0,5050,10100,5050,0,0,0,0,0,0,50.0,192.168.219.6:56000
510,151,2,2176.705689907074,3.468544247854802,0.3782014846801758,1.0,7.28,26.4,70.5112054347992,1,0,7550,15100,7550,0,0,0,0,0,0,50.0,192.168.219.6:56000
510,201,2,3516.4222152233124,2.858018572539865,0.5439767837524414,1.0,7.52,27.04,70.50956511497498,1,0,10050,20100,10050,0,0,0,0,0,0,50.0,192.168.219.6:56000
510,251,2,4032.557861328125,3.1121686114794276,0.4816761016845703,1.0,7.56,26.86,70.51110076904297,1,0,12550,25100,12550,0,0,0,0,0,0,50.0,192.168.219.6:56000
510,301,2,7181.970854997635,2.095525072971764,0.6705269813537598,1.0,7.48,26.72,60.504658937454224,1,0,15050,30100,15050,0,0,0,0,0,0,50.0,192.168.219.6:56000
310,1,2,0.2592339515686035,192.87597051795908,0.004651308059692383,1.0,10.34,26.6,70.51040196418762,1,0,50,100,50,0,0,0,0,0,0,50.0,192.168.219.6:56000
310,51,2,225.37979865074158,11.314234972547792,0.1375436782836914,1.0,8.38,26.67,72.01109027862549,2,0,2550,5100,2550,0,0,0,0,0,0,50.0,192.168.219.6:56000
310,101,2,565.1017627716064,8.936443544666531,0.1550137996673584,1.0,7.49,26.65,70.51099991798401,1,0,5050,10100,5050,0,0,0,0,0,0,50.0,192.168.219.6:56000
310,151,2,1284.2635469436646,5.878855642961879,0.24151897430419922,1.0,7.42,26.65,70.5089156627655,1,0,7550,15100,7550,0,0,0,0,0,0,50.0,192.168.219.6:56000
310,201,2,3301.5720269680023,3.0440044675413045,0.4184274673461914,1.0,7.59,26.6,62.00523257255554,1,0,10050,20100,10050,0,0,0,0,0,0,50.0,192.168.219.6:56000
310,251,2,5180.266345977783,2.4226553543418565,0.5575590133666992,1.0,7.46,26.77,70.50918292999268,1,0,12550,25100,12550,0,0,0,0,0,0,50.0,192.168.219.6:56000
310,301,2,6410.764322519302,2.3476139884184124,0.5603206157684326,1.0,7.44,26.35,70.51102113723755,1,0,15050,30100,15050,0,0,0,0,0,0,50.0,192.168.219.6:56000
110,1,2,0.2666037082672119,187.54427807840517,0.005826234817504883,1.0,10.35,26.2,62.005412101745605,1,0,50,100,50,0,0,0,0,0,0,50.0,192.168.219.6:56000
110,51,2,136.3420810699463,18.70295641660184,0.12282705307006836,1.0,8.34,26.28,70.51150560379028,1,0,2550,5100,2550,0,0,0,0,0,0,50.0,192.168.219.6:56000
110,101,2,512.8456823825836,9.847016702058715,0.13079285621643066,1.0,7.66,26.4,70.50726819038391,1,0,5050,10100,5050,0,0,0,0,0,0,50.0,192.168.219.6:56000
110,151,2,1573.1080720424652,4.7994159677773185,0.3314633369445801,1.0,7.86,26.43,62.005377769470215,1,0,7550,15100,7550,0,0,0,0,0,0,50.0,192.168.219.6:56000
110,201,2,3256.3641250133514,3.086264193491812,0.4607672691345215,1.0,7.51,26.25,70.50702905654907,1,0,10050,20100,10050,0,0,0,0,0,0,50.0,192.168.219.6:56000
110,251,2,4697.50105381012,2.6716332484525487,0.4649965763092041,1.0,7.44,26.47,70.50802850723267,1,0,12550,25100,12550,0,0,0,0,0,0,50.0,192.168.219.6:56000
110,301,2,4573.150529384613,3.2909478713409435,0.5363528728485107,1.0,7.62,26.4,70.51101732254028,1,0,15050,30100,15050,0,0,0,0,0,0,50.0,192.168.219.6:56000
2110,1,3,0.34479331970214844,145.01441049725895,0.006909847259521484,1.0,6.86,28.0,71.51147174835205,1,0,50,150,50,0,0,0,0,0,0,50.0,192.168.219.8:55000
2110,51,3,378.0785241127014,6.744630645140454,0.1604924201965332,1.0,7.28,28.57,61.50151515007019,1,0,2550,7650,2550,0,0,0,0,0,0,50.0,192.168.219.8:55000
2110,101,3,2116.4339401721954,2.386089121018881,0.45821189880371094,1.0,7.12,29.03,73.01273131370544,2,0,5050,15150,5050,0,0,0,0,0,0,50.0,192.168.219.8:55000
2110,151,3,3489.6747467517853,2.1635254136585638,0.4377741813659668,1.0,6.85,29.54,63.00203275680542,4,0,7550,22650,7550,0,0,0,0,0,0,50.0,192.168.219.8:55000
2110,201,3,61517.92910218239,0.12305355707644342,8.203968048095703,0.7532338308457711,6.9,30.13,63.00252652168274,6,0,10050,41973,7570,0,0,0,0,0,0,50.0,192.168.219.8:55000
2110,251,3,97874.22126603127,0.06667741429340952,15.675311088562012,0.52,7.4,29.47,71.511225938797,10,0,12550,20626,6526,0,0,0,0,0,0,50.0,192.168.219.8:55000
2110,301,3,103016.18160676956,0.05843742124882256,16.505866050720215,0.4,7.14,29.35,61.50485324859619,1,0,15050,19015,6020,0,0,0,0,0,0,50.0,192.168.219.8:55000
1910,1,3,0.6426448822021484,77.80346717873987,0.012643575668334961,1.0,6.16,28.1,61.50124430656433,1,0,50,150,50,0,0,0,0,0,0,50.0,192.168.219.8:55000
1910,51,3,430.91762471199036,5.9176043256627695,0.22826075553894043,1.0,6.79,28.78,61.50445342063904,3,0,2550,7650,2550,0,0,0,0,0,0,50.0,192.168.219.8:55000
1910,101,3,2048.0113310813904,2.4658066697968417,0.506788969039917,1.0,7.19,28.98,63.005409240722656,6,0,5050,21706,5050,0,0,0,0,0,0,50.0,192.168.219.8:55000
1910,151,3,6444.930175065994,1.1480341600324997,0.7918169498443604,0.98,6.98,29.07,61.50074529647827,9,151,7550,43758,7399,0,151,0,0,0,0,50.0,192.168.219.8:55000
1910,201,3,55398.88792657852,0.13440703015317496,7.380780458450317,0.7408955223880597,7.21,29.24,61.50101089477539,12,393,10050,65680,7446,0,192,0,0,201,0,50.0,192.168.219.8:55000
1910,251,3,74997.1754770279,0.10709736665296485,8.549551010131836,0.64,6.99,30.31,65.5042896270752,14,0,12550,22068,8032,0,0,0,0,0,0,50.0,192.168.219.8:55000
1910,301,3,89754.19324827194,0.0892103166461714,9.81768798828125,0.5320265780730897,7.03,30.86,61.50468564033508,16,0,15050,20348,8007,0,0,0,0,0,0,50.0,192.168.219.8:55000
1710,1,3,0.5890398025512695,84.88390730717732,0.011874914169311523,1.0,6.28,28.06,65.00461459159851,18,0,50,342,50,0,0,0,0,0,0,50.0,192.168.219.8:55000
1710,51,3,274.5931992530823,8.915005931169366,0.12095046043395996,0.96,7.18,28.52,61.50070261955261,21,102,2550,6982,2448,0,51,0,0,51,0,50.0,192.168.219.8:55000
1710,101,3,1037.755949497223,4.768943991501774,0.2302718162536621,0.98,7.47,28.77,61.50469636917114,24,101,5050,20558,4949,0,0,0,0,101,0,50.0,192.168.219.8:55000
1710,151,3,2489.5289306640625,2.9113941640624565,1.228926658630371,0.96,7.02,29.12,61.50467824935913,27,302,7550,40864,7248,0,151,0,0,151,0,50.0,192.168.219.8:55000
1710,201,3,20767.858280181885,0.39590023627260573,0.22852826118469238,0.8181094527363184,6.92,29.08,61.504677295684814,30,1426,10050,63861,8222,0,201,0,0,1225,0,50.0,192.168.219.8:55000
1710,251,3,40432.76551985741,0.19340749759398546,0.7158308029174805,0.6231075697211156,6.71,29.39,65.50927424430847,36,3224,12550,85919,7820,0,299,0,0,2925,0,50.0,192.168.219.8:55000
1710,301,3,51877.96518278122,0.2375382295080864,3.389805793762207,0.8188039867109634,6.77,29.85,63.0020809173584,38,0,15050,25802,12323,0,0,0,0,0,0,50.0,192.168.219.8:55000
1510,1,3,0.32926225662231445,151.85463561149464,0.00626063346862793,1.0,6.58,27.83,63.00562000274658,40,0,50,340,50,0,0,0,0,0,0,50.0,192.168.219.8:55000
1510,51,3,384.06147050857544,6.506770899696906,0.13219046592712402,0.98,8.35,28.28,61.504724740982056,43,51,2550,5982,2499,0,0,0,0,51,0,50.0,192.168.219.8:55000
1510,101,3,1612.5980093479156,3.006328900257281,0.3841104507446289,0.96,6.78,28.66,63.50594758987427,47,202,5050,18423,4848,0,101,0,0,101,0,50.0,192.168.219.8:55000
1510,151,3,3801.0243039131165,1.906854421461672,0.6632962226867676,0.96,7.02,28.91,63.005380392074585,50,302,7550,37714,7248,0,151,0,0,151,0,50.0,192.168.219.8:55000
1510,201,3,20888.735429286957,0.41376367800044617,2.743652105331421,0.86,7.01,28.92,63.00538921356201,54,1407,10050,61626,8643,0,201,0,0,1206,0,50.0,192.168.219.8:55000
1510,251,3,74339.70732116699,0.10804454697809958,9.582955360412598,0.64,6.72,29.04,61.50166153907776,57,4446,12550,85114,8032,0,251,0,0,4195,0,50.0,192.168.219.8:55000
1510,301,3,113950.30514431,0.06867906136880393,15.201035261154175,0.52,7.22,29.0,61.50481295585632,1,0,15050,22026,7826,0,0,0,0,0,0,50.0,192.168.219.8:55000
1310,1,3,1.9449257850646973,25.707921805528827,0.006068229675292969,1.0,19.06,28.73,65.00675511360168,6,0,50,14844,50,0,0,0,0,0,0,50.0,192.168.219.8:55000
1310,51,3,369.18185901641846,6.769021659563351,0.140669584274292,0.98,7.14,28.9,61.501611948013306,9,51,2550,19441,2499,0,51,0,0,0,0,50.0,192.168.219.8:55000
1310,101,3,1327.4002106189728,3.7283405263980325,0.32573866844177246,0.98,7.4,28.91,63.00630736351013,11,101,5050,31458,4949,0,0,0,0,101,0,50.0,192.168.219.8:55000
1310,151,3,2047.3997399806976,3.6138521733277917,0.2608680725097656,0.98,6.89,28.73,61.50470447540283,13,151,7550,50005,7399,0,151,0,0,0,0,50.0,192.168.219.8:55000
1310,201,3,5910.613872289658,1.666324380649262,0.7005951404571533,0.98,7.08,28.78,63.00537180900574,15,201,10050,76026,9849,0,0,0,0,201,0,50.0,192.168.219.8:55000
1310,251,3,35820.75477766991,0.3013057672008683,0.36092138290405273,0.86,6.86,29.19,61.504992961883545,17,251,12550,102910,10793,0,0,0,0,251,0,50.0,192.168.219.8:55000
1310,301,3,50050.26989412308,0.19362532950372605,1.8714690208435059,0.6439202657807309,6.48,29.32,65.00692296028137,24,2281,15050,127018,9691,0,301,0,0,1980,0,50.0,192.168.219.8:55000
1110,1,3,14.63547968864441,3.4163553954978827,0.3169889450073242,1.0,19.49,28.97,67.50870037078857,29,0,50,141219,50,0,0,0,0,0,0,50.0,192.168.219.8:55000
1110,51,3,351.6339178085327,7.2518601615345135,0.116607666015625,1.0,7.18,28.51,61.504682540893555,31,0,2550,145212,2550,0,0,0,0,0,0,50.0,192.168.219.8:55000
1110,101,3,834.2727761268616,5.932112543544682,0.11917257308959961,0.98,6.7,28.56,63.00270342826843,34,101,5050,156034,4949,0,0,0,0,101,0,50.0,192.168.219.8:55000
1110,151,3,2745.9636976718903,2.691222759523537,0.2786593437194824,0.9788079470198675,7.13,28.58,63.00531721115112,36,160,7550,174160,7390,0,0,0,0,160,0,50.0,192.168.219.8:55000
1110,201,3,8746.119533777237,1.1031177841486992,0.43012332916259766,0.96,6.92,28.54,61.50353479385376,39,402,10050,198218,9648,0,0,0,0,402,0,50.0,192.168.219.8:55000
1110,251,3,16129.979207515717,0.6770622490890373,1.7773938179016113,0.870199203187251,6.74,28.95,61.508681297302246,43,1378,12550,225640,10921,0,400,0,0,978,0,50.0,192.168.219.8:55000
1110,301,3,55119.3931388855,0.2105610990809735,6.359060049057007,0.7711627906976745,6.61,29.13,65.00685787200928,46,1505,15050,253387,11606,0,301,0,0,1204,0,50.0,192.168.219.8:55000
910,1,3,29.309303760528564,1.637705228079917,0.5302097797393799,0.96,20.83,28.57,65.51046586036682,50,2,50,276132,48,0,1,0,0,1,0,50.0,192.168.219.8:55000
910,51,3,394.0863604545593,6.211836403514072,0.12789535522460938,0.96,7.59,28.57,61.50465226173401,53,102,2550,283632,2448,0,51,0,0,51,0,50.0,192.168.219.8:55000
910,101,3,942.4970407485962,5.250944868823315,0.23251795768737793,0.98,7.35,28.31,61.50435280799866,55,101,5050,292723,4949,0,0,0,0,101,0,50.0,192.168.219.8:55000
910,151,3,2194.640219926834,3.3713954263750217,0.1871328353881836,0.98,6.75,28.5,61.50096893310547,57,151,7550,308011,7399,0,0,0,0,151,0,50.0,192.168.219.8:55000
910,201,3,3722.9289677143097,2.600103328305786,0.22040843963623047,0.96318407960199,6.95,28.51,61.501569747924805,60,370,10050,329680,9680,0,201,0,0,169,0,50.0,192.168.219.8:55000
910,251,3,8703.07288479805,1.3843386306743044,0.9033982753753662,0.96,6.93,28.66,61.50654411315918,65,502,12550,358128,12048,0,251,0,0,251,0,50.0,192.168.219.8:55000
910,301,3,57665.846787691116,0.17719327070006802,10.327324390411377,0.6789368770764119,6.62,28.69,61.50327754020691,68,4832,15050,383281,10218,0,317,0,0,4515,0,50.0,192.168.219.8:55000
710,1,3,51.573253870010376,0.9501048765219231,1.3211395740509033,0.98,17.68,28.71,61.50259256362915,70,1,50,409203,49,0,1,0,0,0,0,50.0,192.168.219.8:55000
710,51,3,992.30615067482,2.466980576846402,0.4342226982116699,0.96,7.1,28.8,61.50515627861023,73,102,2550,426212,2448,0,51,0,0,51,0,50.0,192.168.219.8:55000
710,101,3,940.8722920417786,5.367359675393395,0.2580394744873047,1.0,7.61,28.47,63.00164341926575,76,0,5050,433862,5050,0,0,0,0,0,0,50.0,192.168.219.8:55000
710,151,3,2576.509341955185,2.9303212206755207,0.3874063491821289,1.0,7.1,28.17,61.504613399505615,1,0,7550,15150,7550,0,0,0,0,0,0,50.0,192.168.219.8:55000
710,201,3,2635.9169414043427,3.812714976764648,0.3820812702178955,1.0,6.94,28.33,61.5047287940979,1,0,10050,22650,10050,0,0,0,0,0,0,50.0,192.168.219.8:55000
710,251,3,12593.92571735382,0.9765819075026441,0.7966351509094238,0.98,6.89,28.5,71.50761699676514,1,0,12550,29899,12299,0,0,0,0,0,0,50.0,192.168.219.8:55000
710,301,3,89947.22069787979,0.12047064840832178,9.055646657943726,0.72,6.98,28.47,61.50268626213074,1,0,15050,28659,10836,0,0,0,0,0,0,50.0,192.168.219.8:55000
510,1,3,7.574242115020752,6.601320533554532,0.10361456871032715,1.0,26.27,28.41,61.505003929138184,3,0,50,27650,50,0,0,0,0,0,0,50.0,192.168.219.8:55000
510,51,3,730.4107458591461,3.4911863146270674,0.306088924407959,1.0,7.2,28.16,61.501190423965454,1,0,2550,17094,2550,0,0,0,0,0,0,50.0,192.168.219.8:55000
510,101,3,943.3604862689972,5.246138747631203,0.17992258071899414,0.98,7.18,28.17,63.00541043281555,3,101,5050,24833,4949,0,0,0,0,101,0,50.0,192.168.219.8:55000
510,151,3,1636.2913341522217,4.5218109059005025,0.24203777313232422,0.98,7.11,28.35,61.50472927093506,5,151,7550,39529,7399,0,151,0,0,0,0,50.0,192.168.219.8:55000
510,201,3,2409.2151799201965,4.004623613702941,0.3408012390136719,0.96,6.58,28.42,61.507681369781494,8,402,10050,61464,9648,0,201,0,0,201,0,50.0,192.168.219.8:55000
510,251,3,8796.773917198181,1.369593002321623,0.8546881675720215,0.96,7.03,28.3,61.50415396690369,11,502,12550,89866,12048,0,251,0,0,251,0,50.0,192.168.219.8:55000
510,301,3,46123.67378664017,0.2784470304644294,3.280019998550415,0.8533554817275748,6.58,28.41,61.50084352493286,15,702,15050,120109,12843,0,155,0,0,547,0,50.0,192.168.219.8:55000
310,1,3,34.63803696632385,1.443499816361173,0.867307186126709,1.0,15.76,28.01,63.50510239601135,17,0,50,24692,50,0,0,0,0,0,0,50.0,192.168.219.8:55000
310,51,3,219.18463158607483,11.168666262254153,0.2816791534423828,0.96,8.03,28.22,63.01105356216431,20,102,2550,40036,2448,0,51,0,0,51,0,50.0,192.168.219.8:55000
310,101,3,1447.7332422733307,3.3618071740602575,0.26386332511901855,0.9637623762376237,6.66,28.23,63.50610327720642,23,183,5050,51647,4867,0,101,0,0,82,0,50.0,192.168.219.8:55000
310,151,3,2030.3508970737457,3.5698262849275064,0.3415381908416748,0.96,6.77,27.99,61.50197172164917,26,302,7550,65087,7248,0,151,0,0,151,0,50.0,192.168.219.8:55000
310,201,3,4740.622651100159,2.0351756952772826,0.4885592460632324,0.96,6.88,28.23,61.50094985961914,29,402,10050,85503,9648,0,201,0,0,201,0,50.0,192.168.219.8:55000
310,251,3,5910.0150101184845,2.03857350266839,0.6118700504302979,0.96,7.06,28.0,61.50252413749695,32,502,12550,112686,12048,0,251,0,0,251,0,50.0,192.168.219.8:55000
310,301,3,26772.47593855858,0.4722013768548237,4.601139307022095,0.84,6.89,28.19,63.50616979598999,36,2408,15050,142662,12642,0,301,0,0,2107,0,50.0,192.168.219.8:55000
110,1,3,17.36738109588623,2.763801849858045,0.38209009170532227,0.96,17.68,28.12,63.005624532699585,39,2,50,166818,48,0,1,0,0,1,0,50.0,192.168.219.8:55000
110,51,3,824.2827188968658,2.9698548130138507,0.4785463809967041,0.96,7.32,28.1,61.50075173377991,42,102,2550,180715,2448,0,51,0,0,51,0,50.0,192.168.219.8:55000
110,101,3,1671.1004848480225,2.9010822771922653,0.579453706741333,0.96,7.18,28.1,63.502197265625,45,202,5050,201104,4848,0,101,0,0,101,0,50.0,192.168.219.8:55000
110,151,3,1881.9437475204468,3.851337219589903,0.3340146541595459,0.96,6.68,28.07,63.01105809211731,48,302,7550,213247,7248,0,151,0,0,151,0,50.0,192.168.219.8:55000
110,201,3,2666.891547679901,3.768432206680146,0.3510735034942627,1.0,7.14,27.89,61.5047869682312,51,0,10050,233397,10050,0,0,0,0,0,0,50.0,192.168.219.8:55000
110,251,3,5030.975852966309,2.494545862827071,0.652695894241333,1.0,6.9,28.05,61.50430679321289,1,0,12550,27650,12550,0,0,0,0,0,0,50.0,192.168.219.8:55000
110,301,3,9456.298394918442,1.5915318416863264,0.6538763046264648,1.0,7.04,28.08,63.00550556182861,3,0,15050,35150,15050,0,0,0,0,0,0,50.0,192.168.219.8:55000
